chr11:47197903..47198904,-	ARFGAP2	7	PD4107a,TCGA-AC-A5XS,TCGA-AR-A0U0,TCGA-B6-A0I9,TCGA-E2-A10B,TCGA-E2-A14R	COSN14654176,COSN14654186,COSN407489,COSN407490,COSN4698426,COSN521384,COSN521385
chr4:76816977..76817978,-	PPEF2	7	PD4103a	COSN193154,COSN193155,COSN193156,COSN193157,COSN193158,COSN193159,COSN193160
chr17:59488836..59489837,+	C17orf82,C17orf82_ENST00000335108	4	PD4005a,PD4086a,PD4107a,TCGA-AC-A3W6	COSN5179834,COSN5179845,COSN5179858,COSN8314344
chr3:122277966..122278967,-	PARP9	4	TCGA-D8-A27H,TCGA-E2-A1LA,TCGA-E9-A228,TCGA-EW-A1PB	COSN523411,COSN523412,COSN523413,COSN523414
chr11:47280267..47281268,+	NR1H3	3	TCGA-AR-A0U0,TCGA-E2-A10B,TCGA-E2-A14R	COSN407489,COSN521384,COSN521385
chr12:56473584..56474585,+	ERBB3,ERBB3_ENST00000267101,ERBB3_ENST00000411731	3	PD4199a	COSN4703135,COSN4703136,COSN4703137
chr16:19078486..19079487,+	COQ7	3	PD4198a	COSN196156,COSN4690655,COSN5175922
chr17:37809284..37810285,+	STARD3	3	PD4199a	COSN5179067,COSN5179068,COSN5179069
chr17:37824228..37825229,+	PNMT	3	PD4199a	COSN5179067,COSN5179068,COSN5179069
chr17:38019878..38020879,-	IKZF3	3	PD4199a	COSN5179067,COSN5179068,COSN5179069
chr17:38136723..38137724,+	PSMD3	3	PD4199a	COSN5179067,COSN5179068,COSN5179069
chr17:41560905..41561906,+	DHX8	3	TCGA-AO-A1KS,TCGA-D8-A1JN	COSN522417,COSN522418,COSN522419
chr20:49411030..49412031,+	BCAS4,BCAS4_ENST00000358791,BCAS4_ENST00000371608	3	PD4005a,PD4115a,PD4116a	COSN5134315,COSN5134451,COSN5134452
chr20:52824139..52825140,+	PFDN4	3	PD3890a,PD4103a,PD4116a	COSN5134596,COSN5134598,COSN5134624
chr7:107384108..107385109,+	CBLL1	3	PD4006a,PD4115a,PD4116a	COSN4930279,COSN4930280,COSN4930281
chr10:5136136..5137137,+	AKR1C3	2	PD3945a,PD4086a	COSN4693898,COSN4693910
chr10:73983172..73984173,+	ANAPC16	2	PD4086a,PD4115a	COSN4694964,COSN4694966
chr1:109654800..109655801,-	C1orf194_ENST00000369948	2	PD4005a,TCGA-A2-A0CX	COSN385146,COSN4707992
chr1:145524565..145525566,+	ITGA10	2	PD4005a,PD4115a	COSN4708528,COSN4708529
chr1:145588926..145589927,-	NUDT17	2	PD4005a,PD4192a	COSN4708525,COSN4708529
chr1:146713853..146714854,+	CHD1L,CHD1L_ENST00000369258	2	PD4116a,TCGA-AN-A046	COSN4708554,COSN8308790
chr11:59577630..59578631,-	MRPL16	2	PD4198a,PD4199a	COSN4698824,COSN4698825
chr11:61658352..61659353,-	FADS3,FADS3_ENST00000540820	2	TCGA-BH-A0B6,TCGA-BH-A0DZ	COSN521433,COSN8309428
chr11:64781179..64782180,+	ARL2	2	PD3890a,TCGA-A2-A04T	COSN4699005,COSN8309434
chr11:67771012..67772013,-	UNC93B6	2	TCGA-A8-A095,TCGA-AN-A0AK	COSN407513,COSN8309457
chr12:50898423..50899424,+	DIP2B	2	PD3945a,PD4198a	COSN4702953,COSN4702957
chr12:56618140..56619141,+	OBFC2B	2	PD4198a,TCGA-BH-A0B9	COSN4703144,COSN521623
chr1:40104796..40105797,-	HEYL	2	PD3945a,PD4115a	COSN5168297,COSN5168298
chr14:75078146..75079147,-	LTBP2	2	PD4006a,PD4086a	COSN5172279,COSN5172285
chr15:93631660..93632661,-	RGMA	2	PD4005a,PD4107a	COSN5175249,COSN5175253
chr16:23689753..23690754,+	PLK1	2	PD4199a	COSN5176095,COSN5176096
chr16:30996479..30997480,+	HSD3B7	2	PD4005a,PD4103a	COSN169427,COSN5176429
chr16:30997032..30998033,-	ENSG00000268863	2	PD4005a,PD4103a	COSN169427,COSN5176429
chr17:18855018..18856019,+	SLC5A10	2	TCGA-AR-A0U1,TCGA-EW-A1J5	COSN522340,COSN522341
chr17:27052614..27053615,-	TLCD1	2	PD4115a,PD4194a	COSN5178660,COSN5178666
chr20:48599096..48600097,+	SNAI1	2	PD3945a,PD4103a	COSN5134414,COSN5134415
chr20:48769673..48770674,-	TMEM189,TMEM189-UBE2V1	2	PD3945a,PD4103a	COSN5134414,COSN5134415
chr20:55840677..55841678,-	BMP7	2	PD4103a,PD4115a	COSN5134777,COSN5134778
chr20:55904423..55905424,+	SPO11	2	PD4103a,PD4115a	COSN5134777,COSN5134778
chr20:633328..634329,-	SRXN1	2	PD4103a,PD4194a	COSN5135089,COSN5135143
chr2:37873229..37874230,-	CDC42EP3	2	PD4085a,PD4116a	COSN5130763,COSN5130764
chr3:164793299..164794300,-	SI	2	PD3904a,PD4109a	COSN5146644,COSN5146645
chr5:111754794..111755795,+	ENSG00000170238	2	PD4115a	COSN197826,COSN4690866
chr5:179334320..179335321,-	TBC1D9B,TBC1D9B_ENST00000356834	2	TCGA-C8-A135,TCGA-D8-A1XY	COSN523825,COSN523826
chr6:52858540..52859541,-	GSTA4	2	PD4006a,PD4192a	COSN4928218,COSN4928219
chr7:148787231..148788232,-	ZNF786	2	PD4199a,TCGA-D8-A1JN	COSN4932089,COSN8314949
chr8:67089211..67090212,-	CRH	2	PD4192a	COSN4941362,COSN4941372
chr8:71580854..71581855,-	LACTB2	2	PD3905a,TCGA-AN-A046	COSN4941596,COSN8315176
chr8:81398545..81399546,+	ZBTB10	2	PD4103a,PD4107a	COSN4942130,COSN4942131
chr8:86375810..86376811,+	CA2	2	PD3904a,PD4109a	COSN4942455,COSN4942480
chr9:134614716..134615717,-	RAPGEF1_ENST00000372195	2	PD3904a,PD4194a	COSN195490,COSN4944271
chrX:107018957..107019958,+	NCBP2L	2	PD4115a,PD4199a	COSN5137746,COSN5137747
chr10:128076213..128077214,-	ADAM12,ADAM12_ENST00000368676,ADAM12_ENST00000368679	1	PD4115a	COSN4692065
chr10:6244723..6245724,+	PFKFB3,PFKFB3_ENST00000379785	1	PD4199a	COSN4694475
chr10:73078566..73079567,+	SLC29A3	1	PD4116a	COSN4694951
chr10:93668225..93669226,-	FGFBP3	1	PD3945a	COSN4695752
chr10:97453155..97454156,-	C10orf61,TCTN3_ENST00000265993	1	PD3904a	COSN4695908
chr10:97453209..97454210,-	TCTN3_ENST00000371217	1	PD3904a	COSN4695908
chr1:109632994..109633995,+	TMEM167B	1	TCGA-A2-A0CX	COSN385146
chr1:110527174..110528175,+	AHCYL1	1	PD4006a	COSN4708000
chr11:116662075..116663076,-	APOA5	1	PD4107a	COSN4696488
chr11:118271880..118272881,+	ATP5L	1	PD3890a	COSN191363
chr11:121322540..121323541,+	SORL1	1	PD4006a	COSN4696603
chr11:122526257..122527258,+	UBASH3B	1	PD3905a	COSN4696649
chr1:117452325..117453326,+	PTGFRN	1	PD4005a	COSN4708236
chr11:18137122..18138123,-	SAA3P	1	PD4006a	COSN4697253
chr11:2291061..2292062,-	ASCL2	1	PD3851a	COSN191082
chr1:145507166..145508167,+	RBM8A	1	PD4005a	COSN4708529
chr1:145577564..145578565,+	PIAS3_ENST00000369299	1	PD4005a	COSN4708529
chr1:146643222..146644223,-	PRKAB2	1	TCGA-AN-A046	COSN8308790
chr1:146696120..146697121,-	FMO5,FMO5_ENST00000441068	1	PD4116a	COSN4708554
chr1:150522233..150523234,+	ENSG00000225996	1	PD3890a	COSN4708667
chr1:150533445..150534446,-	C1orf138	1	PD3890a	COSN4708667
chr1:153600048..153601049,+	S100A1_ENST00000368698	1	PD4107a	COSN4708820
chr1:155177166..155178167,-	THBS3	1	PD4006a	COSN4708872
chr1:155246881..155247882,+	HCN3	1	TCGA-A8-A09Z	COSN8308833
chr11:57334583..57335584,-	UBE2L6	1	PD4086a	COSN4698730
chr11:58939568..58940569,+	DTX4_ENST00000227451	1	PD4198a	COSN4698802
chr1:160053320..160054321,+	KCNJ9	1	PD4199a	COSN4709146
chr11:61062008..61063009,-	VWCE	1	PD4006a	COSN4698883
chr11:61248781..61249782,+	C11orf66	1	PD4006a	COSN4698887
chr11:62379428..62380429,-	EML3,EML3_ENST00000529309	1	PD3905a	COSN4698933
chr11:65148921..65149922,-	SLC25A45	1	PD4198a	COSN4699016
chr11:65547561..65548562,-	AP5B1,AP5B1_ENST00000532090	1	PD4192a	COSN195341
chr11:66103372..66104373,-	RIN1	1	PD4103a	COSN4699041
chr1:169555123..169556124,-	F5	1	PD4115a	COSN4709556
chr1:170043107..170044108,-	KIFAP3	1	PD4115a	COSN4709567
chr11:75479536..75480537,+	DGAT2	1	PD3945a	COSN4699434
chr1:180199164..180200165,+	LHX4	1	TCGA-A8-A09W	COSN520916
chr1:181057538..181058539,+	IER5	1	PD3905a	COSN4710108
chr1:182992351..182993352,+	LAMC1	1	PD4248a	COSN196974
chr1:183154987..183155988,+	LAMC2	1	PD4248a	COSN196974
chr1:186648921..186649922,-	PTGS2,PTGS2_ENST00000367468	1	PD4006a	COSN4710405
chr1:193090830..193091831,+	CDC73	1	PD4198a	COSN5165076
chr1:197035852..197036853,-	F13B	1	PD3890a	COSN5165307
chr1:202162617..202163618,+	LGR6	1	PD4199a	COSN5165582
chr1:203830287..203831288,+	SNRPE	1	PD4115a	COSN5165676
chr1:204182533..204183534,-	GOLT1A	1	PD3905a	COSN5165687
chr1:205090500..205091501,-	RBBP5	1	PD3890a	COSN197071
chr1:206680435..206681436,+	RASSF5,RASSF5_ENST00000338603	1	TCGA-AN-A0AK	COSN8309023
chr1:210546619..210547620,-	ENSG00000162767	1	PD4107a	COSN5165983
chr12:110905507..110906508,-	GPN3	1	PD4199a	COSN4700732
chr12:110905940..110906941,-	GPN3_ENST00000543199	1	PD4199a	COSN4700732
chr12:110906180..110907181,+	C12orf24	1	PD4199a	COSN4700732
chr12:110950169..110951170,+	RAD9B	1	PD4199a	COSN4700732
chr1:211306786..211307787,-	KCNH1	1	PD4199a	COSN5165985
chr1:211751453..211752454,-	SLC30A1	1	PD4199a	COSN5166044
chr12:118813996..118814997,+	SUDS3_ENST00000397564,SUDS3_ENST00000543473	1	PD4192a	COSN4700954
chr12:120105549..120106550,+	PRKAB1	1	PD3904a	COSN4701020
chr12:120702931..120703932,-	PXN,PXN_ENST00000228307	1	TCGA-D8-A27G	COSN8309525
chr1:212872603..212873604,-	BATF3	1	PD4107a	COSN5166091
chr12:2994032..2995033,+	C12orf32	1	PD3851a	COSN4702276
chr12:48109630..48110631,-	ENDOU_ENST00000542202	1	PD4086a	COSN4702875
chr12:48151838..48152839,-	RAPGEF3_ENST00000395358,RAPGEF3_ENST00000449771	1	PD4086a	COSN4702875
chr12:48166587..48167588,+	SLC48A1_ENST00000442218	1	PD4086a	COSN4702875
chr12:48173508..48174509,+	SLC48A1	1	PD4086a	COSN4702875
chr12:49208969..49209970,+	CACNB3_ENST00000536187	1	PD3945a	COSN4702910
chr12:49371933..49372934,+	WNT1	1	PD4088a	COSN4702916
chr12:50100462..50101463,-	FMNL3,FMNL3_ENST00000335154	1	PD4115a	COSN4702933
chr12:50135419..50136420,+	TMBIM6_ENST00000423828	1	PD4115a	COSN4702935
chr12:51662561..51663562,-	SMAGP,SMAGP_ENST00000380103	1	PD4115a	COSN4702978
chr12:54069475..54070476,-	ATP5G2,ATP5G2_ENST00000394349	1	PD4120a	COSN198767
chr12:54426406..54427407,+	HOXC5	1	PD4115a	COSN4703072
chr12:55247866..55248867,+	MUCL1	1	PD4116a	COSN4703094
chr12:56651552..56652553,-	ANKRD52	1	TCGA-BH-A0B9	COSN521623
chr12:72233061..72234062,+	TBC1D15	1	PD4199a	COSN4703809
chr12:98909145..98910146,+	TMPO,TMPO_ENST00000266732	1	PD3905a	COSN4704833
chr13:27745275..27746276,-	USP12	1	PD3945a	COSN4705613
chr13:52701117..52702118,-	NEK5_ENST00000355568	1	PD4115a	COSN4706204
chr13:52701979..52702980,-	NEK5	1	PD4115a	COSN4706204
chr13:76444762..76445763,+	Q8NAG9_HUMAN	1	PD4194a	COSN4706933
chr14:103058732..103059733,+	RCOR1	1	PD4107a	COSN5170518
chr14:24684660..24685661,-	MDP1	1	PD4199a	COSN195805
chr14:24711037..24712038,-	TINF2,TINF2_ENST00000267415	1	PD4199a	COSN5170823
chr14:24776563..24777564,-	CIDEB	1	PD4199a	COSN5170823
chr14:24803357..24804358,-	ADCY4	1	PD3945a	COSN5170825
chr14:24835760..24836761,+	NFATC4_ENST00000413692	1	PD3945a	COSN5170825
chr14:50998266..50999267,-	MAP4K5	1	PD4198a	COSN5171723
chr14:65007067..65008068,+	HSPA2	1	PD4192a	COSN5172060
chr14:65289311..65290312,-	SPTB,SPTB_ENST00000542895	1	PD4006a	COSN5172064
chr14:68066419..68067420,-	PIGH	1	PD4115a	COSN5172123
chr14:93581007..93582008,-	ITPK1,ITPK1_ENST00000354313	1	PD3890a	COSN5172820
chr15:101791160..101792161,-	CHSY1	1	PD4107a	COSN5173042
chr15:38856328..38857329,-	RASGRP1	1	PD4005a	COSN5173703
chr15:42066973..42067974,+	MAPKBP1,MAPKBP1_ENST00000456763	1	PD3904a	COSN5173769
chr15:66679185..66680186,+	MAP2K1	1	PD4198a	COSN5174429
chr15:73075531..73076532,-	ADPGK	1	PD4085a	COSN5174613
chr15:77924156..77925157,-	LINGO1	1	PD4006a	COSN5174715
chr15:79270826..79271827,+	Q8N849_HUMAN	1	PD4199a	COSN5174746
chr15:85197004..85198005,-	WDR73	1	PD4006a	COSN5174930
chr15:91475269..91476270,-	HDDC3,HDDC3_ENST00000394272	1	PD4116a	COSN5175143
chr15:91499464..91500465,+	RCCD1	1	TCGA-E9-A1R6	COSN522151
chr15:92396638..92397639,+	SLCO3A1	1	PD4199a	COSN5175192
chr15:99644905..99645906,+	SYNM,SYNM_ENST00000336292	1	PD4115a	COSN5175569
chr16:11348834..11349835,-	SOCS1	1	PD4085a	COSN197033
chr16:20702009..20703010,-	ACSM1	1	TCGA-A8-A07R	COSN522177
chr16:24551447..24552448,+	RBBP6	1	PD4109a	COSN5176151
chr16:29827346..29828347,+	C16orf53	1	TCGA-C8-A3M7	COSN8314157
chr16:30124298..30125299,-	GDPD3	1	TCGA-C8-A133	COSN522201
chr1:6545002..6546003,-	PLEKHG5_ENST00000535355	1	PD4109a	COSN5169261
chr16:58767631..58768632,-	GOT2	1	PD3890a	COSN191401
chr16:71570080..71571081,+	CHST4	1	PD3890a	COSN5177575
chr16:75497997..75498998,-	TMEM170A	1	PD3890a	COSN5177710
chr16:84001753..84002754,+	NECAB2	1	PD4115a	COSN5178035
chr16:88752313..88753314,-	SNAI3	1	PD3905a	COSN5178159
chr17:17398994..17399995,-	RASD1	1	PD4192a	COSN5178458
chr17:19265381..19266382,-	B9D1,B9D1_ENST00000268841	1	PD3851a	COSN5178501
chr17:27055331..27056332,+	NEK8,NEK8_ENST00000268766	1	PD4115a	COSN5178660
chr17:37843766..37844767,-	PGAP3	1	PD4199a	COSN5179069
chr17:43209276..43210277,-	PLCD3,PLCD3_ENST00000322765	1	PD4107a	COSN5179209
chr17:45917708..45918709,-	SCRN2	1	PD3905a	COSN5179275
chr17:46048012..46049013,+	CDK5RAP3	1	PD3905a	COSN5179275
chr17:46881811..46882812,-	TTLL6_ENST00000393382	1	PD4107a	COSN5179308
chr17:47840948..47841949,-	FAM117A	1	TCGA-A8-A09Z	COSN8314320
chr17:48278373..48279374,-	COL1A1	1	TCGA-AR-A5QP	COSN8314324
chr17:5341892..5342893,-	C1QBP	1	PD4109a	COSN5179513
chr17:72363144..72364145,+	GPR142	1	PD4107a	COSN5180398
chr17:74380686..74381687,+	SPHK1	1	PD4088a	COSN5180461
chr17:79918086..79919087,-	NOTUM	1	PD4107a	COSN5180660
chr18:60985398..60986399,-	BCL2,BCL2_ENST00000398117,BCL2_ENST00000444484	1	PD4103a	COSN5182686
chr19:11516968..11517969,-	RGL3	1	PD4109a	COSN5183564
chr19:1437924..1438925,+	RPS15	1	PD4199a	COSN5183633
chr19:16222211..16223212,+	RAB8A	1	PD3945a	COSN5183701
chr19:18046729..18047730,+	CCDC124	1	PD3905a	COSN5183757
chr19:33792819..33793820,-	CEBPA	1	PD4006a	COSN5184328
chr19:36208421..36209422,+	MLL4	1	PD4107a	COSN5184398
chr19:42829895..42830896,+	MEGF8,MEGF8_ENST00000334370	1	PD4115a	COSN5184620
chr19:6047006..6048007,-	RFX2	1	PD4107a	COSN5124870
chr20:36012056..36013057,+	SRC	1	PD4109a	COSN5133928
chr20:37262825..37263826,+	ARHGAP40	1	PD4194a	COSN5133967
chr20:4229103..4230104,-	ADRA1D	1	PD4107a	COSN5134282
chr20:43991671..43992672,+	SYS1	1	PD4199a	COSN195835
chr20:44074626..44075627,+	ENSG00000269549	1	PD4198a	COSN5134242
chr20:47537926..47538927,+	ARFGEF2	1	PD4107a	COSN5134333
chr20:48524526..48525527,-	SPATA2	1	PD3945a	COSN5134411
chr20:48807070..48808071,+	CEBPB	1	PD4006a	COSN5134426
chr20:5107238..5108239,+	CDS2	1	PD4198a	COSN195675
chr20:55204100..55205101,+	TFAP2C	1	PD4107a	COSN5134764
chr20:56284137..56285138,-	PMEPA1	1	PD3945a	COSN5134790
chr2:103089718..103090719,+	SLC9A4	1	PD4109a	COSN5125090
chr2:11272960..11273961,+	C2orf50	1	TCGA-A2-A0CQ	COSN522864
chr2:128051156..128052157,-	ERCC3	1	PD4005a	COSN5126061
chr2:132249448..132250449,-	MZT2A	1	PD4006a	COSN5126180
chr2:133174115..133175116,+	GPR39	1	TCGA-BH-A202,TCGA-E9-A247,TCGA-E9-A24A	COSN522901,COSN522902,COSN522903
chr21:41238927..41239928,+	PCP4	1	PD4107a	COSN5136361
chr21:46330196..46331197,-	ITGB2	1	PD4005a	COSN5136502
chr2:169312458..169313459,+	LASS6	1	PD4115a	COSN5127591
chr2:170680606..170681607,-	METTL5	1	PD4107a	COSN5127626
chr2:171785350..171786351,+	GORASP2	1	PD3905a	COSN5127695
chr2:173292016..173293017,+	ITGA6,ITGA6_ENST00000264106,ITGA6_ENST00000409080	1	PD4194a	COSN5127694
chr2:175201650..175202651,-	ENSG00000268241	1	PD3945a	COSN5127736
chr22:39636376..39637377,-	PDGFB_ENST00000381551	1	PD3904a	COSN5137170
chr22:48971792..48972793,+	FAM19A5	1	PD4005a	COSN5137385
chr22:51065706..51066707,-	ARSA	1	PD4107a	COSN5137451
chr2:27592379..27593380,-	EIF2B4_ENST00000451130	1	PD4109a	COSN5130316
chr2:27592680..27593681,-	EIF2B4	1	PD4109a	COSN5130316
chr2:27593110..27594111,+	SNX17	1	PD4109a	COSN5130316
chr2:70780398..70781399,-	TGFA	1	PD4115a	COSN5132041
chr2:71017269..71018270,-	FIGLA,FIGLA_ENST00000332372	1	PD3890a	COSN5132047
chr2:85360307..85361308,+	TCF7L1	1	PD3945a	COSN5132696
chr2:85765910..85766911,+	MAT2A	1	PD4198a	COSN5132703
chr2:85980812..85981813,+	ATOH8	1	TCGA-EW-A3U0	COSN8315439
chr2:86115527..86116528,-	ST3GAL5	1	PD3905a	COSN5132713
chr3:105085752..105086753,+	ALCAM	1	PD3904a	COSN5144246
chr3:119421445..119422446,+	C3orf15,MAATS1	1	PD4199a	COSN5144921
chr3:123303373..123304374,-	PTPLB	1	PD4116a	COSN5145061
chr3:143690674..143691675,+	C3orf58	1	PD4116a	COSN5145793
chr3:149469730..149470731,-	COMMD2	1	PD4116a	COSN5145994
chr3:150480135..150481136,-	SIAH2	1	PD3904a	COSN5146027
chr3:172428369..172429370,-	NCEH1,NCEH1_ENST00000538775	1	PD3945a	COSN5146972
chr3:183966982..183967983,+	ECE2_ENST00000324557,ECE2_ENST00000402825	1	PD3945a	COSN5147414
chr3:190039494..190040495,-	CLDN1	1	PD4115a	COSN5147651
chr3:192635128..192636129,-	MB21D2	1	PD4005a	COSN5147780
chr3:194392390..194393391,-	LSG1	1	PD4248a	COSN5147860
chr3:37493365..37494366,+	ITGA9	1	PD4006a	COSN5148650
chr3:49059077..49060078,+	NDUFAF3	1	PD3945a	COSN5148991
chr3:52446395..52447396,+	PHF7	1	PD4006a	COSN5149081
chr3:58555086..58556087,-	FAM107A,FAM107A_ENST00000464064	1	PD3904a	COSN5149251
chr3:64008594..64009595,-	PSMD6	1	PD4107a	COSN5149415
chr3:64009010..64010011,-	PSMD6_ENST00000394431	1	PD4107a	COSN5149415
chr3:97685936..97686937,-	MINA	1	PD4006a	COSN5150708
chr4:10117789..10118790,-	WDR1,WDR1_ENST00000499869	1	PD4006a	COSN5150868
chr4:111553653..111554654,-	PITX2_ENST00000354925	1	PD4248a	COSN5151249
chr4:119273374..119274375,-	PRSS12	1	PD3890a	COSN191243
chr4:152197824..152198825,+	PRSS48,PRSS48_ENST00000455694	1	PD4088a	COSN5152782
chr4:157891554..157892555,-	PDGFC	1	PD3890a	COSN5152990
chr4:24585515..24586516,-	DHX15	1	PD4109a	COSN5154494
chr4:56501858..56502859,-	NMU	1	PD4088a	COSN5155447
chr4:71553894..71554895,+	UTP3	1	PD3945a	COSN5156177
chr4:99063800..99064801,-	C4orf37	1	PD4107a	COSN5157239
chr5:112257386..112258387,-	REEP5	1	PD4199a	COSN5157624
chr5:125930305..125931306,-	ALDH7A1	1	PD4103a	COSN5158020
chr5:125930470..125931471,-	ALDH7A1_ENST00000447989	1	PD4103a	COSN5158020
chr5:126112700..126113701,+	LMNB1	1	PD4107a	COSN5158033
chr5:157170258..157171259,+	LSM11	1	PD4116a	COSN5158996
chr5:171614545..171615546,-	STK10	1	PD4115a	COSN5159561
chr5:172386376..172387377,+	RPL26L1	1	PD3851a	COSN5159590
chr5:176881568..176882569,+	PRR7	1	TCGA-AN-A046	COSN8314696
chr5:217970..218971,+	SDHA	1	TCGA-BH-A0HK	COSN523790
chr5:35617599..35618600,+	SPEF2,SPEF2_ENST00000356031	1	PD4198a	COSN5160859
chr5:40797790..40798791,-	ENSG00000132356,PRKAA1	1	TCGA-E2-A1B1	COSN523855
chr5:53813282..53814283,+	SNX18,SNX18_ENST00000381410	1	PD3945a	COSN5161602
chr5:6632591..6633592,-	NSUN2	1	PD4199a	COSN5162077
chr5:6633163..6634164,+	SRD5A1_ENST00000537411	1	PD4199a	COSN5162077
chr6:12290362..12291363,+	EDN1	1	PD4115a	COSN5163857
chr6:126277623..126278624,+	HINT3	1	PD4115a	COSN5164032
chr6:138427976..138428977,-	PERP	1	PD4109a	COSN4925768
chr6:16129053..16130054,+	MYLIP	1	PD3945a	COSN4926407
chr6:26596710..26597711,+	ABT1	1	PD4005a	COSN4927233
chr6:31647649..31648650,-	LY6G5C	1	TCGA-E2-A10C	COSN524037
chr6:31804605..31805606,+	C6orf48	1	PD4199a	COSN4927454
chr6:35107345..35108346,-	TCP11	1	PD4115a	COSN197770
chr6:35265133..35266134,+	DEF6	1	TCGA-A7-A5ZV	COSN8314847
chr6:35435711..35436712,+	RPL10A	1	TCGA-D8-A1J8	COSN8314846
chr6:3849545..3850546,+	FAM50B	1	PD3890a	COSN4927725
chr6:47276746..47277747,-	TNFRSF21	1	PD4199a	COSN4927968
chr6:53659554..53660555,+	LRRC1,LRRC1_ENST00000370882	1	PD3945a	COSN4928245
chr6:83774936..83775937,-	UBE2CBP	1	PD4199a	COSN4929369
chr7:100424151..100425152,-	EPHB4	1	PD4109a	COSN4930028
chr7:100887784..100888785,-	FIS1	1	PD4107a	COSN4930040
chr7:100964489..100965490,-	RABL5	1	PD4116a	COSN4930052
chr7:101005813..101006814,+	EMID2	1	PD4116a	COSN4930052
chr7:106300841..106301842,-	CCDC71L	1	PD4199a	COSN4930238
chr7:107203933..107204934,-	COG5	1	PD4116a	COSN4930279
chr7:141438466..141439467,+	SSBP1	1	PD4109a	COSN4931725
chr7:148844334..148845335,+	ZNF398	1	TCGA-D8-A1JN	COSN8314949
chr7:148892181..148893182,+	ZNF282	1	TCGA-D8-A1JN	COSN8314949
chr7:150725053..150726054,+	ABCB8_ENST00000542328	1	PD3890a	COSN191307
chr7:150725102..150726103,+	ABCB8,ABCB8_ENST00000356058	1	PD3890a	COSN191307
chr7:1544988..1545989,-	INTS1	1	PD4192a	COSN4932498
chr7:30603531..30604532,-	Q8N867_HUMAN	1	PD3905a	COSN4933141
chr7:44364519..44365520,-	CAMK2B	1	PD4115a	COSN4933822
chr7:73081788..73082789,+	VPS37D	1	TCGA-AC-A23H	COSN8315066
chr7:75659340..75660341,-	STYXL1	1	PD4107a	COSN4935079
chr7:90338355..90339356,+	CDK14	1	PD4006a	COSN4935793
chr7:94023843..94024844,+	COL1A2	1	PD4116a	COSN4935938
chr7:94284909..94285910,-	SGCE,SGCE_ENST00000428696	1	PD4199a	COSN4935953
chr7:97735989..97736990,+	LMTK2,LMTK2_ENST00000297293	1	PD3945a	COSN4936142
chr8:103667328..103668329,-	KLF10	1	PD3905a	COSN4936398
chr8:104383384..104384385,+	CTHRC1	1	PD3904a	COSN4936413
chr8:125383897..125384898,-	TMEM65	1	PD3890a	COSN4937786
chr8:125462668..125463669,+	TRMT12	1	PD3890a	COSN4937786
chr8:127569133..127570134,-	FAM84B	1	PD4006a	COSN4937927
chr8:145549798..145550799,-	DGAT1	1	PD4109a	COSN4939065
chr8:145734216..145735217,+	MFSD3	1	PD4199a	COSN4939070
chr8:56685677..56686678,+	TGS1	1	TCGA-A7-A3RF	COSN8315165
chr8:90996288..90997289,-	NBN	1	PD4109a	COSN4942721
chr8:94751980..94752981,+	RBM12B-AS1	1	PD4116a	COSN4942971
chr8:95835159..95836160,+	INTS8	1	PD4116a	COSN4943016
chr8:96036736..96037737,+	C8orf38	1	PD4116a	COSN4943016
chr9:140195879..140196880,-	NRARP	1	PD4199a	COSN4944415
chr9:22008451..22009452,-	CDKN2B,CDKN2B_ENST00000380142	1	PD4103a	COSN4944727
chr9:86152645..86153646,-	FRMD3	1	PD4107a	COSN196771
chr9:91615615..91616616,+	S1PR3	1	PD4005a	COSN5185838
chr9:94877151..94878152,-	SPTLC1,SPTLC1_ENST00000337841	1	PD3904a	COSN5185945
chrX:128788106..128789107,-	APLN	1	PD4109a	COSN5138830
chrX:152665324..152666325,-	LOC392559	1	PD4115a	COSN5140010
chrX:16141576..16142577,+	GRPR	1	PD4109a	COSN5140120
chrX:80376547..80377548,-	HMGN5	1	PD4107a	COSN5143033
target_promoter_location	target_gene_name	1	ncv_sample_id	ncv_id
