chr17:37777213..37778214,.	COSN5179069	5	IKZF3,PGAP3,PNMT,PSMD3,STARD3	PD4199a	chr17:37809284..37810285,+,chr17:37824228..37825229,+,chr17:37843766..37844767,-,chr17:38019878..38020879,-,chr17:38136723..38137724,+	5
chr1:145542571..145543572,.	COSN4708529	4	ITGA10,NUDT17,PIAS3_ENST00000369299,RBM8A	PD4005a	chr1:145507166..145508167,+,chr1:145524565..145525566,+,chr1:145577564..145578565,+,chr1:145588926..145589927,-	4
chr12:111039588..111040589,.	COSN4700732	4	C12orf24,GPN3,GPN3_ENST00000543199,RAD9B	PD4199a	chr12:110905507..110906508,-,chr12:110905940..110906941,-,chr12:110906180..110907181,+,chr12:110950169..110951170,+	4
chr12:48134978..48135979,.	COSN4702875	4	ENDOU_ENST00000542202,RAPGEF3_ENST00000395358,RAPGEF3_ENST00000449771,SLC48A1,SLC48A1_ENST00000442218	PD4086a	chr12:48109630..48110631,-,chr12:48151838..48152839,-,chr12:48166587..48167588,+,chr12:48173508..48174509,+	4
chr17:37777098..37778099,.	COSN5179067	4	IKZF3,PNMT,PSMD3,STARD3	PD4199a	chr17:37809284..37810285,+,chr17:37824228..37825229,+,chr17:38019878..38020879,-,chr17:38136723..38137724,+	4
chr17:37777116..37778117,.	COSN5179068	4	IKZF3,PNMT,PSMD3,STARD3	PD4199a	chr17:37809284..37810285,+,chr17:37824228..37825229,+,chr17:38019878..38020879,-,chr17:38136723..38137724,+	4
chr2:27543421..27544422,.	COSN5130316	3	EIF2B4,EIF2B4_ENST00000451130,SNX17	PD4109a	chr2:27592379..27593380,-,chr2:27592680..27593681,-,chr2:27593110..27594111,+	3
chr7:148822757..148823758,.	COSN8314949	3	ZNF282,ZNF398,ZNF786	TCGA-D8-A1JN	chr7:148787231..148788232,-,chr7:148844334..148845335,+,chr7:148892181..148893182,+	3
chr10:97775743..97776744,.	COSN4695908	2	C10orf61,TCTN3_ENST00000265993,TCTN3_ENST00000371217	PD3904a	chr10:97453155..97454156,-,chr10:97453209..97454210,-	2
chr1:109642587..109643588,.	COSN385146	2	C1orf194_ENST00000369948,TMEM167B	TCGA-A2-A0CX	chr1:109632994..109633995,+,chr1:109654800..109655801,-	2
chr1:146644726..146645727,.	COSN4708554	2	CHD1L,CHD1L_ENST00000369258,FMO5,FMO5_ENST00000441068	PD4116a	chr1:146696120..146697121,-,chr1:146713853..146714854,+	2
chr1:146696163..146697164,.	COSN8308790	2	CHD1L,CHD1L_ENST00000369258,PRKAB2	TCGA-AN-A046	chr1:146643222..146644223,-,chr1:146713853..146714854,+	2
chr11:47376914..47377916,.	COSN521384	2	ARFGAP2,NR1H3	TCGA-E2-A10B	chr11:47197903..47198904,-,chr11:47280267..47281268,+	2
chr11:47377010..47378014,.	COSN407489	2	ARFGAP2,NR1H3	TCGA-AR-A0U0	chr11:47197903..47198904,-,chr11:47280267..47281268,+	2
chr11:47377026..47378027,.	COSN521385	2	ARFGAP2,NR1H3	TCGA-E2-A14R	chr11:47197903..47198904,-,chr11:47280267..47281268,+	2
chr1:150456844..150457845,.	COSN4708667	2	C1orf138,ENSG00000225996	PD3890a	chr1:150522233..150523234,+,chr1:150533445..150534446,-	2
chr1:182930856..182931858,.	COSN196974	2	LAMC1,LAMC2	PD4248a	chr1:182992351..182993352,+,chr1:183154987..183155988,+	2
chr12:56599585..56600586,.	COSN521623	2	ANKRD52,OBFC2B	TCGA-BH-A0B9	chr12:56618140..56619141,+,chr12:56651552..56652553,-	2
chr13:52485748..52486749,.	COSN4706204	2	NEK5,NEK5_ENST00000355568	PD4115a	chr13:52701117..52702118,-,chr13:52701979..52702980,-	2
chr14:24749176..24750177,.	COSN5170823	2	CIDEB,TINF2,TINF2_ENST00000267415	PD4199a	chr14:24711037..24712038,-,chr14:24776563..24777564,-	2
chr14:24880706..24881707,.	COSN5170825	2	ADCY4,NFATC4_ENST00000413692	PD3945a	chr14:24803357..24804358,-,chr14:24835760..24836761,+	2
chr16:31106292..31107293,.	COSN169427	2	ENSG00000268863,HSD3B7	PD4103a	chr16:30996479..30997480,+,chr16:30997032..30998033,-	2
chr16:31879616..31880617,.	COSN5176429	2	ENSG00000268863,HSD3B7	PD4005a	chr16:30996479..30997480,+,chr16:30997032..30998033,-	2
chr17:27076265..27077266,.	COSN5178660	2	NEK8,NEK8_ENST00000268766,TLCD1	PD4115a	chr17:27052614..27053615,-,chr17:27055331..27056332,+	2
chr17:46024479..46025480,.	COSN5179275	2	CDK5RAP3,SCRN2	PD3905a	chr17:45917708..45918709,-,chr17:46048012..46049013,+	2
chr20:48701250..48702251,.	COSN5134414	2	SNAI1,TMEM189,TMEM189-UBE2V1	PD3945a	chr20:48599096..48600097,+,chr20:48769673..48770674,-	2
chr20:48702461..48703462,.	COSN5134415	2	SNAI1,TMEM189,TMEM189-UBE2V1	PD4103a	chr20:48599096..48600097,+,chr20:48769673..48770674,-	2
chr20:55799030..55800031,.	COSN5134777	2	BMP7,SPO11	PD4103a	chr20:55840677..55841678,-,chr20:55904423..55905424,+	2
chr20:55819991..55820992,.	COSN5134778	2	BMP7,SPO11	PD4115a	chr20:55840677..55841678,-,chr20:55904423..55905424,+	2
chr3:63979626..63980627,.	COSN5149415	2	PSMD6,PSMD6_ENST00000394431	PD4107a	chr3:64008594..64009595,-,chr3:64009010..64010011,-	2
chr5:125675444..125676445,.	COSN5158020	2	ALDH7A1,ALDH7A1_ENST00000447989	PD4103a	chr5:125930305..125931306,-,chr5:125930470..125931471,-	2
chr5:6745663..6746664,.	COSN5162077	2	NSUN2,SRD5A1_ENST00000537411	PD4199a	chr5:6632591..6633592,-,chr5:6633163..6634164,+	2
chr7:101150766..101151767,.	COSN4930052	2	EMID2,RABL5	PD4116a	chr7:100964489..100965490,-,chr7:101005813..101006814,+	2
chr7:107514810..107515811,.	COSN4930279	2	CBLL1,COG5	PD4116a	chr7:107203933..107204934,-,chr7:107384108..107385109,+	2
chr7:150807167..150808168,.	COSN191307	2	ABCB8,ABCB8_ENST00000356058,ABCB8_ENST00000542328	PD3890a	chr7:150725053..150726054,+,chr7:150725102..150726103,+	2
chr8:125050777..125051778,.	COSN4937786	2	TMEM65,TRMT12	PD3890a	chr8:125383897..125384898,-,chr8:125462668..125463669,+	2
chr8:95825029..95826030,.	COSN4943016	2	C8orf38,INTS8	PD4116a	chr8:95835159..95836160,+,chr8:96036736..96037737,+	2
chr10:127824461..127825462,.	COSN4692065	1	ADAM12,ADAM12_ENST00000368676,ADAM12_ENST00000368679	PD4115a	chr10:128076213..128077214,-	1
chr10:5061747..5062748,.	COSN4693898	1	AKR1C3	PD3945a	chr10:5136136..5137137,+	1
chr10:5081989..5082990,.	COSN4693910	1	AKR1C3	PD4086a	chr10:5136136..5137137,+	1
chr10:6129428..6130429,.	COSN4694475	1	PFKFB3,PFKFB3_ENST00000379785	PD4199a	chr10:6244723..6245724,+	1
chr10:73467305..73468306,.	COSN4694951	1	SLC29A3	PD4116a	chr10:73078566..73079567,+	1
chr10:73808038..73809039,.	COSN4694964	1	ANAPC16	PD4086a	chr10:73983172..73984173,+	1
chr10:73885209..73886210,.	COSN4694966	1	ANAPC16	PD4115a	chr10:73983172..73984173,+	1
chr10:93639896..93640897,.	COSN4695752	1	FGFBP3	PD3945a	chr10:93668225..93669226,-	1
chr1:109733120..109734121,.	COSN4707992	1	C1orf194_ENST00000369948	PD4005a	chr1:109654800..109655801,-	1
chr1:110185121..110186122,.	COSN4708000	1	AHCYL1	PD4006a	chr1:110527174..110528175,+	1
chr11:116705802..116706803,.	COSN4696488	1	APOA5	PD4107a	chr11:116662075..116663076,-	1
chr11:118359036..118360037,.	COSN191363	1	ATP5L	PD3890a	chr11:118271880..118272881,+	1
chr11:121404965..121405966,.	COSN4696603	1	SORL1	PD4006a	chr11:121322540..121323541,+	1
chr11:122624790..122625791,.	COSN4696649	1	UBASH3B	PD3905a	chr11:122526257..122527258,+	1
chr1:117424499..117425500,.	COSN4708236	1	PTGFRN	PD4005a	chr1:117452325..117453326,+	1
chr11:18193163..18194164,.	COSN4697253	1	SAA3P	PD4006a	chr11:18137122..18138123,-	1
chr11:2236947..2237948,.	COSN191082	1	ASCL2	PD3851a	chr11:2291061..2292062,-	1
chr1:145422374..145423375,.	COSN4708525	1	NUDT17	PD4192a	chr1:145588926..145589927,-	1
chr1:145532201..145533202,.	COSN4708528	1	ITGA10	PD4115a	chr1:145524565..145525566,+	1
chr11:46910902..46911903,.	COSN4698426	1	ARFGAP2	PD4107a	chr11:47197903..47198904,-	1
chr11:47280532..47281533,.	COSN14654176	1	ARFGAP2	TCGA-AC-A5XS	chr11:47197903..47198904,-	1
chr11:47280568..47281569,.	COSN14654186	1	ARFGAP2	TCGA-AC-A5XS	chr11:47197903..47198904,-	1
chr11:47377393..47378395,.	COSN407490	1	ARFGAP2	TCGA-B6-A0I9	chr11:47197903..47198904,-	1
chr1:153581035..153582036,.	COSN4708820	1	S100A1_ENST00000368698	PD4107a	chr1:153600048..153601049,+	1
chr1:155163816..155164817,.	COSN4708872	1	THBS3	PD4006a	chr1:155177166..155178167,-	1
chr1:155293988..155294989,.	COSN8308833	1	HCN3	TCGA-A8-A09Z	chr1:155246881..155247882,+	1
chr11:57260213..57261214,.	COSN4698730	1	UBE2L6	PD4086a	chr11:57334583..57335584,-	1
chr11:59052160..59053161,.	COSN4698802	1	DTX4_ENST00000227451	PD4198a	chr11:58939568..58940569,+	1
chr11:59520462..59521463,.	COSN4698824	1	MRPL16	PD4199a	chr11:59577630..59578631,-	1
chr11:59520622..59521623,.	COSN4698825	1	MRPL16	PD4198a	chr11:59577630..59578631,-	1
chr1:160030589..160031590,.	COSN4709146	1	KCNJ9	PD4199a	chr1:160053320..160054321,+	1
chr11:61020721..61021722,.	COSN4698883	1	VWCE	PD4006a	chr11:61062008..61063009,-	1
chr11:61212501..61213502,.	COSN4698887	1	C11orf66	PD4006a	chr11:61248781..61249782,+	1
chr11:61583017..61584018,.	COSN8309428	1	FADS3,FADS3_ENST00000540820	TCGA-BH-A0B6	chr11:61658352..61659353,-	1
chr11:61583359..61584360,.	COSN521433	1	FADS3,FADS3_ENST00000540820	TCGA-BH-A0DZ	chr11:61658352..61659353,-	1
chr11:62394479..62395480,.	COSN4698933	1	EML3,EML3_ENST00000529309	PD3905a	chr11:62379428..62380429,-	1
chr11:64844419..64845420,.	COSN4699005	1	ARL2	PD3890a	chr11:64781179..64782180,+	1
chr11:64846294..64847295,.	COSN8309434	1	ARL2	TCGA-A2-A04T	chr11:64781179..64782180,+	1
chr11:65235107..65236108,.	COSN4699016	1	SLC25A45	PD4198a	chr11:65148921..65149922,-	1
chr11:65581888..65582889,.	COSN195341	1	AP5B1,AP5B1_ENST00000532090	PD4192a	chr11:65547561..65548562,-	1
chr11:66078581..66079582,.	COSN4699041	1	RIN1	PD4103a	chr11:66103372..66104373,-	1
chr11:67786715..67787716,.	COSN8309457	1	UNC93B6	TCGA-AN-A0AK	chr11:67771012..67772013,-	1
chr11:67786734..67787735,.	COSN407513	1	UNC93B6	TCGA-A8-A095	chr11:67771012..67772013,-	1
chr1:169680391..169681392,.	COSN4709556	1	F5	PD4115a	chr1:169555123..169556124,-	1
chr1:169980147..169981148,.	COSN4709567	1	KIFAP3	PD4115a	chr1:170043107..170044108,-	1
chr11:75416378..75417379,.	COSN4699434	1	DGAT2	PD3945a	chr11:75479536..75480537,+	1
chr1:180150533..180151534,.	COSN520916	1	LHX4	TCGA-A8-A09W	chr1:180199164..180200165,+	1
chr1:181111603..181112604,.	COSN4710108	1	IER5	PD3905a	chr1:181057538..181058539,+	1
chr1:186452074..186453075,.	COSN4710405	1	PTGS2,PTGS2_ENST00000367468	PD4006a	chr1:186648921..186649922,-	1
chr1:193073484..193074485,.	COSN5165076	1	CDC73	PD4198a	chr1:193090830..193091831,+	1
chr1:196712572..196713573,.	COSN5165307	1	F13B	PD3890a	chr1:197035852..197036853,-	1
chr1:202181368..202182369,.	COSN5165582	1	LGR6	PD4199a	chr1:202162617..202163618,+	1
chr1:204131211..204132212,.	COSN5165676	1	SNRPE	PD4115a	chr1:203830287..203831288,+	1
chr1:204329149..204330150,.	COSN5165687	1	GOLT1A	PD3905a	chr1:204182533..204183534,-	1
chr1:205180922..205181950,.	COSN197071	1	RBBP5	PD3890a	chr1:205090500..205091501,-	1
chr1:206757544..206758545,.	COSN8309023	1	RASSF5,RASSF5_ENST00000338603	TCGA-AN-A0AK	chr1:206680435..206681436,+	1
chr1:210574046..210575047,.	COSN5165983	1	ENSG00000162767	PD4107a	chr1:210546619..210547620,-	1
chr1:210621690..210622691,.	COSN5165985	1	KCNH1	PD4199a	chr1:211306786..211307787,-	1
chr1:211797684..211798685,.	COSN5166044	1	SLC30A1	PD4199a	chr1:211751453..211752454,-	1
chr12:118602473..118603474,.	COSN4700954	1	SUDS3_ENST00000397564,SUDS3_ENST00000543473	PD4192a	chr12:118813996..118814997,+	1
chr12:120097102..120098103,.	COSN4701020	1	PRKAB1	PD3904a	chr12:120105549..120106550,+	1
chr12:120638127..120639128,.	COSN8309525	1	PXN,PXN_ENST00000228307	TCGA-D8-A27G	chr12:120702931..120703932,-	1
chr1:212955415..212956416,.	COSN5166091	1	BATF3	PD4107a	chr1:212872603..212873604,-	1
chr12:3142494..3143495,.	COSN4702276	1	C12orf32	PD3851a	chr12:2994032..2995033,+	1
chr12:49189293..49190294,.	COSN4702910	1	CACNB3_ENST00000536187	PD3945a	chr12:49208969..49209970,+	1
chr12:49359858..49360859,.	COSN4702916	1	WNT1	PD4088a	chr12:49371933..49372934,+	1
chr12:50031284..50032285,.	COSN4702933	1	FMNL3,FMNL3_ENST00000335154	PD4115a	chr12:50100462..50101463,-	1
chr12:50172104..50173105,.	COSN4702935	1	TMBIM6_ENST00000423828	PD4115a	chr12:50135419..50136420,+	1
chr12:51029011..51030012,.	COSN4702953	1	DIP2B	PD4198a	chr12:50898423..50899424,+	1
chr12:51129047..51130048,.	COSN4702957	1	DIP2B	PD3945a	chr12:50898423..50899424,+	1
chr12:51685694..51686695,.	COSN4702978	1	SMAGP,SMAGP_ENST00000380103	PD4115a	chr12:51662561..51663562,-	1
chr12:53939295..53940298,.	COSN198767	1	ATP5G2,ATP5G2_ENST00000394349	PD4120a	chr12:54069475..54070476,-	1
chr12:54527914..54528915,.	COSN4703072	1	HOXC5	PD4115a	chr12:54426406..54427407,+	1
chr12:55352046..55353047,.	COSN4703094	1	MUCL1	PD4116a	chr12:55247866..55248867,+	1
chr12:56496923..56497924,.	COSN4703135	1	ERBB3,ERBB3_ENST00000267101,ERBB3_ENST00000411731	PD4199a	chr12:56473584..56474585,+	1
chr12:56497060..56498061,.	COSN4703136	1	ERBB3,ERBB3_ENST00000267101,ERBB3_ENST00000411731	PD4199a	chr12:56473584..56474585,+	1
chr12:56497244..56498245,.	COSN4703137	1	ERBB3,ERBB3_ENST00000267101,ERBB3_ENST00000411731	PD4199a	chr12:56473584..56474585,+	1
chr12:56601744..56602745,.	COSN4703144	1	OBFC2B	PD4198a	chr12:56618140..56619141,+	1
chr12:72294416..72295417,.	COSN4703809	1	TBC1D15	PD4199a	chr12:72233061..72234062,+	1
chr12:98895390..98896391,.	COSN4704833	1	TMPO,TMPO_ENST00000266732	PD3905a	chr12:98909145..98910146,+	1
chr13:27778176..27779177,.	COSN4705613	1	USP12	PD3945a	chr13:27745275..27746276,-	1
chr13:76593689..76594690,.	COSN4706933	1	Q8NAG9_HUMAN	PD4194a	chr13:76444762..76445763,+	1
chr1:40070858..40071859,.	COSN5168297	1	HEYL	PD4115a	chr1:40104796..40105797,-	1
chr1:40071044..40072045,.	COSN5168298	1	HEYL	PD3945a	chr1:40104796..40105797,-	1
chr14:102991320..102992321,.	COSN5170518	1	RCOR1	PD4107a	chr14:103058732..103059733,+	1
chr14:24776762..24777763,.	COSN195805	1	MDP1	PD4199a	chr14:24684660..24685661,-	1
chr14:50784130..50785131,.	COSN5171723	1	MAP4K5	PD4198a	chr14:50998266..50999267,-	1
chr14:65103537..65104538,.	COSN5172060	1	HSPA2	PD4192a	chr14:65007067..65008068,+	1
chr14:65268842..65269843,.	COSN5172064	1	SPTB,SPTB_ENST00000542895	PD4006a	chr14:65289311..65290312,-	1
chr14:67993256..67994257,.	COSN5172123	1	PIGH	PD4115a	chr14:68066419..68067420,-	1
chr14:75016416..75017417,.	COSN5172279	1	LTBP2	PD4006a	chr14:75078146..75079147,-	1
chr14:75260160..75261161,.	COSN5172285	1	LTBP2	PD4086a	chr14:75078146..75079147,-	1
chr14:93626815..93627816,.	COSN5172820	1	ITPK1,ITPK1_ENST00000354313	PD3890a	chr14:93581007..93582008,-	1
chr15:101692426..101693427,.	COSN5173042	1	CHSY1	PD4107a	chr15:101791160..101792161,-	1
chr15:38975917..38976918,.	COSN5173703	1	RASGRP1	PD4005a	chr15:38856328..38857329,-	1
chr15:42104087..42105088,.	COSN5173769	1	MAPKBP1,MAPKBP1_ENST00000456763	PD3904a	chr15:42066973..42067974,+	1
chr15:66790240..66791241,.	COSN5174429	1	MAP2K1	PD4198a	chr15:66679185..66680186,+	1
chr15:73564683..73565684,.	COSN5174613	1	ADPGK	PD4085a	chr15:73075531..73076532,-	1
chr15:78113833..78114834,.	COSN5174715	1	LINGO1	PD4006a	chr15:77924156..77925157,-	1
chr15:79200100..79201101,.	COSN5174746	1	Q8N849_HUMAN	PD4199a	chr15:79270826..79271827,+	1
chr15:85422169..85423170,.	COSN5174930	1	WDR73	PD4006a	chr15:85197004..85198005,-	1
chr15:91444726..91445727,.	COSN5175143	1	HDDC3,HDDC3_ENST00000394272	PD4116a	chr15:91475269..91476270,-	1
chr15:91576768..91577769,.	COSN522151	1	RCCD1	TCGA-E9-A1R6	chr15:91499464..91500465,+	1
chr15:92496457..92497458,.	COSN5175192	1	SLCO3A1	PD4199a	chr15:92396638..92397639,+	1
chr15:93721961..93722962,.	COSN5175249	1	RGMA	PD4107a	chr15:93631660..93632661,-	1
chr15:93876839..93877840,.	COSN5175253	1	RGMA	PD4005a	chr15:93631660..93632661,-	1
chr15:99753107..99754108,.	COSN5175569	1	SYNM,SYNM_ENST00000336292	PD4115a	chr15:99644905..99645906,+	1
chr16:11450297..11451298,.	COSN197033	1	SOCS1	PD4085a	chr16:11348834..11349835,-	1
chr16:18993930..18994931,.	COSN5175922	1	COQ7	PD4198a	chr16:19078486..19079487,+	1
chr16:18994344..18995346,.	COSN196156	1	COQ7	PD4198a	chr16:19078486..19079487,+	1
chr16:18994345..18995347,.	COSN4690655	1	COQ7	PD4198a	chr16:19078486..19079487,+	1
chr16:20647998..20648999,.	COSN522177	1	ACSM1	TCGA-A8-A07R	chr16:20702009..20703010,-	1
chr16:23745316..23746317,.	COSN5176095	1	PLK1	PD4199a	chr16:23689753..23690754,+	1
chr16:23745324..23746325,.	COSN5176096	1	PLK1	PD4199a	chr16:23689753..23690754,+	1
chr16:24526717..24527718,.	COSN5176151	1	RBBP6	PD4109a	chr16:24551447..24552448,+	1
chr16:29818669..29819670,.	COSN8314157	1	C16orf53	TCGA-C8-A3M7	chr16:29827346..29828347,+	1
chr16:30198437..30199438,.	COSN522201	1	GDPD3	TCGA-C8-A133	chr16:30124298..30125299,-	1
chr1:6582334..6583335,.	COSN5169261	1	PLEKHG5_ENST00000535355	PD4109a	chr1:6545002..6546003,-	1
chr16:58790354..58791355,.	COSN191401	1	GOT2	PD3890a	chr16:58767631..58768632,-	1
chr16:71528046..71529047,.	COSN5177575	1	CHST4	PD3890a	chr16:71570080..71571081,+	1
chr16:75232910..75233911,.	COSN5177710	1	TMEM170A	PD3890a	chr16:75497997..75498998,-	1
chr16:84081970..84082971,.	COSN5178035	1	NECAB2	PD4115a	chr16:84001753..84002754,+	1
chr16:88627420..88628421,.	COSN5178159	1	SNAI3	PD3905a	chr16:88752313..88753314,-	1
chr17:17349317..17350318,.	COSN5178458	1	RASD1	PD4192a	chr17:17398994..17399995,-	1
chr17:18527918..18528919,.	COSN522340	1	SLC5A10	TCGA-EW-A1J5	chr17:18855018..18856019,+	1
chr17:18528050..18529051,.	COSN522341	1	SLC5A10	TCGA-AR-A0U1	chr17:18855018..18856019,+	1
chr17:19575376..19576377,.	COSN5178501	1	B9D1,B9D1_ENST00000268841	PD3851a	chr17:19265381..19266382,-	1
chr17:27175116..27176117,.	COSN5178666	1	TLCD1	PD4194a	chr17:27052614..27053615,-	1
chr17:41465501..41466503,.	COSN522417	1	DHX8	TCGA-AO-A1KS	chr17:41560905..41561906,+	1
chr17:41465506..41466508,.	COSN522418	1	DHX8	TCGA-AO-A1KS	chr17:41560905..41561906,+	1
chr17:41465620..41466631,.	COSN522419	1	DHX8	TCGA-D8-A1JN	chr17:41560905..41561906,+	1
chr17:43172951..43173952,.	COSN5179209	1	PLCD3,PLCD3_ENST00000322765	PD4107a	chr17:43209276..43210277,-	1
chr17:46956233..46957234,.	COSN5179308	1	TTLL6_ENST00000393382	PD4107a	chr17:46881811..46882812,-	1
chr17:47784277..47785278,.	COSN8314320	1	FAM117A	TCGA-A8-A09Z	chr17:47840948..47841949,-	1
chr17:48217146..48218147,.	COSN8314324	1	COL1A1	TCGA-AR-A5QP	chr17:48278373..48279374,-	1
chr17:5153273..5154274,.	COSN5179513	1	C1QBP	PD4109a	chr17:5341892..5342893,-	1
chr17:59469212..59470213,.	COSN8314344	1	C17orf82,C17orf82_ENST00000335108	TCGA-AC-A3W6	chr17:59488836..59489837,+	1
chr17:59471483..59472484,.	COSN5179834	1	C17orf82,C17orf82_ENST00000335108	PD4005a	chr17:59488836..59489837,+	1
chr17:59646214..59647215,.	COSN5179845	1	C17orf82,C17orf82_ENST00000335108	PD4086a	chr17:59488836..59489837,+	1
chr17:59763405..59764406,.	COSN5179858	1	C17orf82,C17orf82_ENST00000335108	PD4107a	chr17:59488836..59489837,+	1
chr17:72490093..72491094,.	COSN5180398	1	GPR142	PD4107a	chr17:72363144..72364145,+	1
chr17:74299553..74300554,.	COSN5180461	1	SPHK1	PD4088a	chr17:74380686..74381687,+	1
chr17:79971036..79972037,.	COSN5180660	1	NOTUM	PD4107a	chr17:79918086..79919087,-	1
chr18:60822097..60823098,.	COSN5182686	1	BCL2,BCL2_ENST00000398117,BCL2_ENST00000444484	PD4103a	chr18:60985398..60986399,-	1
chr19:11404700..11405701,.	COSN5183564	1	RGL3	PD4109a	chr19:11516968..11517969,-	1
chr19:1406305..1407306,.	COSN5183633	1	RPS15	PD4199a	chr19:1437924..1438925,+	1
chr19:16295211..16296212,.	COSN5183701	1	RAB8A	PD3945a	chr19:16222211..16223212,+	1
chr19:18108008..18109009,.	COSN5183757	1	CCDC124	PD3905a	chr19:18046729..18047730,+	1
chr19:33802633..33803634,.	COSN5184328	1	CEBPA	PD4006a	chr19:33792819..33793820,-	1
chr19:35760551..35761552,.	COSN5184398	1	MLL4	PD4107a	chr19:36208421..36209422,+	1
chr19:42904694..42905695,.	COSN5184620	1	MEGF8,MEGF8_ENST00000334370	PD4115a	chr19:42829895..42830896,+	1
chr19:5986334..5987335,.	COSN5124870	1	RFX2	PD4107a	chr19:6047006..6048007,-	1
chr20:35904575..35905576,.	COSN5133928	1	SRC	PD4109a	chr20:36012056..36013057,+	1
chr20:37274112..37275113,.	COSN5133967	1	ARHGAP40	PD4194a	chr20:37262825..37263826,+	1
chr20:43946855..43947856,.	COSN5134242	1	ENSG00000269549	PD4198a	chr20:44074626..44075627,+	1
chr20:44002496..44003497,.	COSN195835	1	SYS1	PD4199a	chr20:43991671..43992672,+	1
chr20:4499291..4500292,.	COSN5134282	1	ADRA1D	PD4107a	chr20:4229103..4230104,-	1
chr20:45825699..45826700,.	COSN5134315	1	BCAS4,BCAS4_ENST00000358791,BCAS4_ENST00000371608	PD4005a	chr20:49411030..49412031,+	1
chr20:46354608..46355609,.	COSN5134333	1	ARFGEF2	PD4107a	chr20:47537926..47538927,+	1
chr20:48544198..48545199,.	COSN5134411	1	SPATA2	PD3945a	chr20:48524526..48525527,-	1
chr20:48996879..48997880,.	COSN5134426	1	CEBPB	PD4006a	chr20:48807070..48808071,+	1
chr20:49603927..49604928,.	COSN5134451	1	BCAS4,BCAS4_ENST00000358791,BCAS4_ENST00000371608	PD4116a	chr20:49411030..49412031,+	1
chr20:49603929..49604930,.	COSN5134452	1	BCAS4,BCAS4_ENST00000358791,BCAS4_ENST00000371608	PD4115a	chr20:49411030..49412031,+	1
chr20:5172669..5173670,.	COSN195675	1	CDS2	PD4198a	chr20:5107238..5108239,+	1
chr20:52700996..52701997,.	COSN5134596	1	PFDN4	PD3890a	chr20:52824139..52825140,+	1
chr20:52720400..52721401,.	COSN5134598	1	PFDN4	PD4116a	chr20:52824139..52825140,+	1
chr20:53343092..53344093,.	COSN5134624	1	PFDN4	PD4103a	chr20:52824139..52825140,+	1
chr20:55623404..55624405,.	COSN5134764	1	TFAP2C	PD4107a	chr20:55204100..55205101,+	1
chr20:56269012..56270013,.	COSN5134790	1	PMEPA1	PD3945a	chr20:56284137..56285138,-	1
chr20:648575..649576,.	COSN5135089	1	SRXN1	PD4103a	chr20:633328..634329,-	1
chr20:748357..749358,.	COSN5135143	1	SRXN1	PD4194a	chr20:633328..634329,-	1
chr2:103231278..103232279,.	COSN5125090	1	SLC9A4	PD4109a	chr2:103089718..103090719,+	1
chr2:11585916..11586917,.	COSN522864	1	C2orf50	TCGA-A2-A0CQ	chr2:11272960..11273961,+	1
chr2:127955082..127956083,.	COSN5126061	1	ERCC3	PD4005a	chr2:128051156..128052157,-	1
chr2:132169610..132170611,.	COSN5126180	1	MZT2A	PD4006a	chr2:132249448..132250449,-	1
chr2:133106343..133107345,.	COSN522901,COSN522902,COSN522903	1	GPR39	TCGA-BH-A202,TCGA-E9-A247,TCGA-E9-A24A	chr2:133174115..133175116,+	1
chr21:41493410..41494411,.	COSN5136361	1	PCP4	PD4107a	chr21:41238927..41239928,+	1
chr21:46348541..46349542,.	COSN5136502	1	ITGB2	PD4005a	chr21:46330196..46331197,-	1
chr2:169543322..169544323,.	COSN5127591	1	LASS6	PD4115a	chr2:169312458..169313459,+	1
chr2:170809875..170810876,.	COSN5127626	1	METTL5	PD4107a	chr2:170680606..170681607,-	1
chr2:173319674..173320675,.	COSN5127694	1	ITGA6,ITGA6_ENST00000264106,ITGA6_ENST00000409080	PD4194a	chr2:173292016..173293017,+	1
chr2:173329928..173330929,.	COSN5127695	1	GORASP2	PD3905a	chr2:171785350..171786351,+	1
chr2:175022406..175023407,.	COSN5127736	1	ENSG00000268241	PD3945a	chr2:175201650..175202651,-	1
chr22:39702000..39703001,.	COSN5137170	1	PDGFB_ENST00000381551	PD3904a	chr22:39636376..39637377,-	1
chr22:49058308..49059309,.	COSN5137385	1	FAM19A5	PD4005a	chr22:48971792..48972793,+	1
chr22:51129879..51130880,.	COSN5137451	1	ARSA	PD4107a	chr22:51065706..51066707,-	1
chr2:38058528..38059529,.	COSN5130763	1	CDC42EP3	PD4085a	chr2:37873229..37874230,-	1
chr2:38058672..38059673,.	COSN5130764	1	CDC42EP3	PD4116a	chr2:37873229..37874230,-	1
chr2:70870845..70871846,.	COSN5132041	1	TGFA	PD4115a	chr2:70780398..70781399,-	1
chr2:71172958..71173959,.	COSN5132047	1	FIGLA,FIGLA_ENST00000332372	PD3890a	chr2:71017269..71018270,-	1
chr2:85470265..85471266,.	COSN5132696	1	TCF7L1	PD3945a	chr2:85360307..85361308,+	1
chr2:85646689..85647690,.	COSN5132703	1	MAT2A	PD4198a	chr2:85765910..85766911,+	1
chr2:85999263..86000264,.	COSN8315439	1	ATOH8	TCGA-EW-A3U0	chr2:85980812..85981813,+	1
chr2:86053603..86054604,.	COSN5132713	1	ST3GAL5	PD3905a	chr2:86115527..86116528,-	1
chr3:104347625..104348626,.	COSN5144246	1	ALCAM	PD3904a	chr3:105085752..105086753,+	1
chr3:119529354..119530355,.	COSN5144921	1	C3orf15,MAATS1	PD4199a	chr3:119421445..119422446,+	1
chr3:122379013..122380014,.	COSN523411	1	PARP9	TCGA-E2-A1LA	chr3:122277966..122278967,-	1
chr3:122379097..122380099,.	COSN523412	1	PARP9	TCGA-E9-A228	chr3:122277966..122278967,-	1
chr3:122379248..122380249,.	COSN523413	1	PARP9	TCGA-D8-A27H	chr3:122277966..122278967,-	1
chr3:122380037..122381038,.	COSN523414	1	PARP9	TCGA-EW-A1PB	chr3:122277966..122278967,-	1
chr3:123360917..123361918,.	COSN5145061	1	PTPLB	PD4116a	chr3:123303373..123304374,-	1
chr3:144304235..144305236,.	COSN5145793	1	C3orf58	PD4116a	chr3:143690674..143691675,+	1
chr3:149230363..149231364,.	COSN5145994	1	COMMD2	PD4116a	chr3:149469730..149470731,-	1
chr3:150504688..150505689,.	COSN5146027	1	SIAH2	PD3904a	chr3:150480135..150481136,-	1
chr3:164903772..164904773,.	COSN5146644	1	SI	PD3904a	chr3:164793299..164794300,-	1
chr3:164903790..164904791,.	COSN5146645	1	SI	PD4109a	chr3:164793299..164794300,-	1
chr3:172391325..172392326,.	COSN5146972	1	NCEH1,NCEH1_ENST00000538775	PD3945a	chr3:172428369..172429370,-	1
chr3:184001352..184002353,.	COSN5147414	1	ECE2_ENST00000324557,ECE2_ENST00000402825	PD3945a	chr3:183966982..183967983,+	1
chr3:190102239..190103240,.	COSN5147651	1	CLDN1	PD4115a	chr3:190039494..190040495,-	1
chr3:192534079..192535080,.	COSN5147780	1	MB21D2	PD4005a	chr3:192635128..192636129,-	1
chr3:194825902..194826903,.	COSN5147860	1	LSG1	PD4248a	chr3:194392390..194393391,-	1
chr3:37740125..37741126,.	COSN5148650	1	ITGA9	PD4006a	chr3:37493365..37494366,+	1
chr3:49024996..49025997,.	COSN5148991	1	NDUFAF3	PD3945a	chr3:49059077..49060078,+	1
chr3:52481357..52482358,.	COSN5149081	1	PHF7	PD4006a	chr3:52446395..52447396,+	1
chr3:58616339..58617340,.	COSN5149251	1	FAM107A,FAM107A_ENST00000464064	PD3904a	chr3:58555086..58556087,-	1
chr3:97511963..97512964,.	COSN5150708	1	MINA	PD4006a	chr3:97685936..97686937,-	1
chr4:10159548..10160549,.	COSN5150868	1	WDR1,WDR1_ENST00000499869	PD4006a	chr4:10117789..10118790,-	1
chr4:112204044..112205045,.	COSN5151249	1	PITX2_ENST00000354925	PD4248a	chr4:111553653..111554654,-	1
chr4:119201794..119202795,.	COSN191243	1	PRSS12	PD3890a	chr4:119273374..119274375,-	1
chr4:152282671..152283672,.	COSN5152782	1	PRSS48,PRSS48_ENST00000455694	PD4088a	chr4:152197824..152198825,+	1
chr4:157966815..157967816,.	COSN5152990	1	PDGFC	PD3890a	chr4:157891554..157892555,-	1
chr4:24688865..24689866,.	COSN5154494	1	DHX15	PD4109a	chr4:24585515..24586516,-	1
chr4:56310128..56311129,.	COSN5155447	1	NMU	PD4088a	chr4:56501858..56502859,-	1
chr4:71571680..71572681,.	COSN5156177	1	UTP3	PD3945a	chr4:71553894..71554895,+	1
chr4:76988545..76989546,.	COSN193154	1	PPEF2	PD4103a	chr4:76816977..76817978,-	1
chr4:76988596..76989597,.	COSN193155	1	PPEF2	PD4103a	chr4:76816977..76817978,-	1
chr4:76988657..76989658,.	COSN193156	1	PPEF2	PD4103a	chr4:76816977..76817978,-	1
chr4:76988844..76989845,.	COSN193157	1	PPEF2	PD4103a	chr4:76816977..76817978,-	1
chr4:76988893..76989894,.	COSN193158	1	PPEF2	PD4103a	chr4:76816977..76817978,-	1
chr4:76988913..76989914,.	COSN193159	1	PPEF2	PD4103a	chr4:76816977..76817978,-	1
chr4:76988995..76989996,.	COSN193160	1	PPEF2	PD4103a	chr4:76816977..76817978,-	1
chr4:99034890..99035891,.	COSN5157239	1	C4orf37	PD4107a	chr4:99063800..99064801,-	1
chr5:111827117..111828119,.	COSN197826	1	ENSG00000170238	PD4115a	chr5:111754794..111755795,+	1
chr5:111827118..111828120,.	COSN4690866	1	ENSG00000170238	PD4115a	chr5:111754794..111755795,+	1
chr5:112299738..112300739,.	COSN5157624	1	REEP5	PD4199a	chr5:112257386..112258387,-	1
chr5:126011741..126012742,.	COSN5158033	1	LMNB1	PD4107a	chr5:126112700..126113701,+	1
chr5:157188532..157189533,.	COSN5158996	1	LSM11	PD4116a	chr5:157170258..157171259,+	1
chr5:1597418..1598420,.	COSN523790	1	SDHA	TCGA-BH-A0HK	chr5:217970..218971,+	1
chr5:171479837..171480838,.	COSN5159561	1	STK10	PD4115a	chr5:171614545..171615546,-	1
chr5:172139935..172140936,.	COSN5159590	1	RPL26L1	PD3851a	chr5:172386376..172387377,+	1
chr5:176816145..176817146,.	COSN8314696	1	PRR7	TCGA-AN-A046	chr5:176881568..176882569,+	1
chr5:179294068..179295069,.	COSN523825	1	TBC1D9B,TBC1D9B_ENST00000356834	TCGA-D8-A1XY	chr5:179334320..179335321,-	1
chr5:179294133..179295134,.	COSN523826	1	TBC1D9B,TBC1D9B_ENST00000356834	TCGA-C8-A135	chr5:179334320..179335321,-	1
chr5:35922898..35923899,.	COSN5160859	1	SPEF2,SPEF2_ENST00000356031	PD4198a	chr5:35617599..35618600,+	1
chr5:40775174..40776175,.	COSN523855	1	ENSG00000132356,PRKAA1	TCGA-E2-A1B1	chr5:40797790..40798791,-	1
chr5:54141449..54142450,.	COSN5161602	1	SNX18,SNX18_ENST00000381410	PD3945a	chr5:53813282..53814283,+	1
chr6:12233181..12234182,.	COSN5163857	1	EDN1	PD4115a	chr6:12290362..12291363,+	1
chr6:126227628..126228629,.	COSN5164032	1	HINT3	PD4115a	chr6:126277623..126278624,+	1
chr6:138356247..138357248,.	COSN4925768	1	PERP	PD4109a	chr6:138427976..138428977,-	1
chr6:15752963..15753964,.	COSN4926407	1	MYLIP	PD3945a	chr6:16129053..16130054,+	1
chr6:26573292..26574293,.	COSN4927233	1	ABT1	PD4005a	chr6:26596710..26597711,+	1
chr6:31656439..31657440,.	COSN524037	1	LY6G5C	TCGA-E2-A10C	chr6:31647649..31648650,-	1
chr6:31890117..31891118,.	COSN4927454	1	C6orf48	PD4199a	chr6:31804605..31805606,+	1
chr6:34954260..34955274,.	COSN197770	1	TCP11	PD4115a	chr6:35107345..35108346,-	1
chr6:35261860..35262861,.	COSN8314846	1	RPL10A	TCGA-D8-A1J8	chr6:35435711..35436712,+	1
chr6:35436590..35437591,.	COSN8314847	1	DEF6	TCGA-A7-A5ZV	chr6:35265133..35266134,+	1
chr6:3977070..3978071,.	COSN4927725	1	FAM50B	PD3890a	chr6:3849545..3850546,+	1
chr6:47046372..47047373,.	COSN4927968	1	TNFRSF21	PD4199a	chr6:47276746..47277747,-	1
chr6:52768935..52769936,.	COSN4928218	1	GSTA4	PD4192a	chr6:52858540..52859541,-	1
chr6:52769681..52770682,.	COSN4928219	1	GSTA4	PD4006a	chr6:52858540..52859541,-	1
chr6:53820937..53821938,.	COSN4928245	1	LRRC1,LRRC1_ENST00000370882	PD3945a	chr6:53659554..53660555,+	1
chr6:83923847..83924848,.	COSN4929369	1	UBE2CBP	PD4199a	chr6:83774936..83775937,-	1
chr7:100396082..100397083,.	COSN4930028	1	EPHB4	PD4109a	chr7:100424151..100425152,-	1
chr7:100860763..100861764,.	COSN4930040	1	FIS1	PD4107a	chr7:100887784..100888785,-	1
chr7:106377345..106378346,.	COSN4930238	1	CCDC71L	PD4199a	chr7:106300841..106301842,-	1
chr7:107515923..107516924,.	COSN4930280	1	CBLL1	PD4115a	chr7:107384108..107385109,+	1
chr7:107520721..107521722,.	COSN4930281	1	CBLL1	PD4006a	chr7:107384108..107385109,+	1
chr7:141485745..141486746,.	COSN4931725	1	SSBP1	PD4109a	chr7:141438466..141439467,+	1
chr7:148764945..148765946,.	COSN4932089	1	ZNF786	PD4199a	chr7:148787231..148788232,-	1
chr7:1597570..1598571,.	COSN4932498	1	INTS1	PD4192a	chr7:1544988..1545989,-	1
chr7:30587576..30588577,.	COSN4933141	1	Q8N867_HUMAN	PD3905a	chr7:30603531..30604532,-	1
chr7:44281045..44282046,.	COSN4933822	1	CAMK2B	PD4115a	chr7:44364519..44365520,-	1
chr7:73021141..73022142,.	COSN8315066	1	VPS37D	TCGA-AC-A23H	chr7:73081788..73082789,+	1
chr7:75759143..75760144,.	COSN4935079	1	STYXL1	PD4107a	chr7:75659340..75660341,-	1
chr7:90378954..90379955,.	COSN4935793	1	CDK14	PD4006a	chr7:90338355..90339356,+	1
chr7:93919072..93920073,.	COSN4935938	1	COL1A2	PD4116a	chr7:94023843..94024844,+	1
chr7:94077493..94078494,.	COSN4935953	1	SGCE,SGCE_ENST00000428696	PD4199a	chr7:94284909..94285910,-	1
chr7:97649645..97650646,.	COSN4936142	1	LMTK2,LMTK2_ENST00000297293	PD3945a	chr7:97735989..97736990,+	1
chr8:103800388..103801389,.	COSN4936398	1	KLF10	PD3905a	chr8:103667328..103668329,-	1
chr8:104136919..104137920,.	COSN4936413	1	CTHRC1	PD3904a	chr8:104383384..104384385,+	1
chr8:127395893..127396894,.	COSN4937927	1	FAM84B	PD4006a	chr8:127569133..127570134,-	1
chr8:145502239..145503240,.	COSN4939065	1	DGAT1	PD4109a	chr8:145549798..145550799,-	1
chr8:145753018..145754019,.	COSN4939070	1	MFSD3	PD4199a	chr8:145734216..145735217,+	1
chr8:56986492..56987493,.	COSN8315165	1	TGS1	TCGA-A7-A3RF	chr8:56685677..56686678,+	1
chr8:67052445..67053446,.	COSN4941362	1	CRH	PD4192a	chr8:67089211..67090212,-	1
chr8:67334414..67335415,.	COSN4941372	1	CRH	PD4192a	chr8:67089211..67090212,-	1
chr8:71519935..71520936,.	COSN8315176	1	LACTB2	TCGA-AN-A046	chr8:71580854..71581855,-	1
chr8:71521125..71522126,.	COSN4941596	1	LACTB2	PD3905a	chr8:71580854..71581855,-	1
chr8:81151931..81152932,.	COSN4942130	1	ZBTB10	PD4107a	chr8:81398545..81399546,+	1
chr8:81153085..81154086,.	COSN4942131	1	ZBTB10	PD4103a	chr8:81398545..81399546,+	1
chr8:86362858..86363859,.	COSN4942455	1	CA2	PD4109a	chr8:86375810..86376811,+	1
chr8:87045939..87046940,.	COSN4942480	1	CA2	PD3904a	chr8:86375810..86376811,+	1
chr8:91007581..91008582,.	COSN4942721	1	NBN	PD4109a	chr8:90996288..90997289,-	1
chr8:94706725..94707726,.	COSN4942971	1	RBM12B-AS1	PD4116a	chr8:94751980..94752981,+	1
chr9:134379568..134380569,.	COSN4944271	1	RAPGEF1_ENST00000372195	PD3904a	chr9:134614716..134615717,-	1
chr9:134496246..134497247,.	COSN195490	1	RAPGEF1_ENST00000372195	PD4194a	chr9:134614716..134615717,-	1
chr9:140283737..140284738,.	COSN4944415	1	NRARP	PD4199a	chr9:140195879..140196880,-	1
chr9:22037880..22038881,.	COSN4944727	1	CDKN2B,CDKN2B_ENST00000380142	PD4103a	chr9:22008451..22009452,-	1
chr9:85944321..85945352,.	COSN196771	1	FRMD3	PD4107a	chr9:86152645..86153646,-	1
chr9:91534979..91535980,.	COSN5185838	1	S1PR3	PD4005a	chr9:91615615..91616616,+	1
chr9:94896639..94897640,.	COSN5185945	1	SPTLC1,SPTLC1_ENST00000337841	PD3904a	chr9:94877151..94878152,-	1
chrX:106901887..106902888,.	COSN5137746	1	NCBP2L	PD4115a	chrX:107018957..107019958,+	1
chrX:106915668..106916669,.	COSN5137747	1	NCBP2L	PD4199a	chrX:107018957..107019958,+	1
chrX:128770505..128771506,.	COSN5138830	1	APLN	PD4109a	chrX:128788106..128789107,-	1
chrX:152672784..152673785,.	COSN5140010	1	LOC392559	PD4115a	chrX:152665324..152666325,-	1
chrX:16681458..16682459,.	COSN5140120	1	GRPR	PD4109a	chrX:16141576..16142577,+	1
chrX:80067199..80068200,.	COSN5143033	1	HMGN5	PD4107a	chrX:80376547..80377548,-	1
ncv_location	ncv_id	1	target_gene_name	ncv_sample_id	target_promoter_location	1
