chr13:113668345..113669346,.	COSN4705343	2	MCF2L_ENST00000375604,MCF2L_ENST00000434480	PD4115a	chr13:113622278..113623279,+,chr13:113639196..113640197,+	2
chr1:51794771..51795772,.	COSN5168778	2	C1orf34,TTC39A	PD3904a	chr1:51786956..51787957,-,chr1:51787332..51788333,-	2
chr19:41426707..41427708,.	COSN5184554	2	BLVRB,Q6ZSU1_HUMAN	PD4005a	chr19:40971094..40972095,-,chr19:41403613..41404614,+	2
chr10:117902590..117903591,.	COSN4691764	1	GFRA1,GFRA1_ENST00000439649	PD4006a	chr10:118031040..118032041,-	1
chr10:70973002..70974003,.	COSN4694866	1	HK1_ENST00000359426	PD3945a	chr10:71078203..71079204,+	1
chr10:99340344..99341345,.	COSN4695955	1	ANKRD2	PD4248a	chr10:99331964..99332965,+	1
chr11:64181518..64182519,.	COSN4698986	1	RPS6KA4,RPS6KA4_ENST00000334205	PD3945a	chr11:64126207..64127208,+	1
chr1:184341106..184342107,.	COSN4710269	1	LAMC1	PD4116a	chr1:182992351..182993352,+	1
chr1:184342220..184343221,.	COSN4710270	1	LAMC1	PD3945a	chr1:182992351..182993352,+	1
chr1:201464095..201465096,.	COSN5165559	1	UBE2T	PD4107a	chr1:202304381..202305382,-	1
chr12:123547012..123548013,.	COSN4701101	1	PITPNM2,PITPNM2_ENST00000280562	PD3851a	chr12:123518636..123519637,-	1
chr12:65018235..65019236,.	COSN4703445	1	RASSF3	PD4005a	chr12:65003912..65004913,+	1
chr12:834261..835262,.	COSN4704295	1	NINJ2	PD4085a	chr12:772163..773164,-	1
chr14:50459292..50460293,.	COSN8313941	1	NEMF	TCGA-A8-A095	chr14:50318970..50319971,-	1
chr18:60822097..60823098,.	COSN5182686	1	BCL2,BCL2_ENST00000398117,BCL2_ENST00000444484	PD4103a	chr18:60985398..60986399,-	1
chr19:16086614..16087615,.	COSN5183696	1	CYP4F11	PD3890a	chr19:16044717..16045718,-	1
chr19:19173159..19174160,.	COSN5183783	1	UPF1,UPF1_ENST00000599848	PD4107a	chr19:18942518..18943519,+	1
chr21:41695802..41696803,.	COSN5136367	1	TFF1	PD4115a	chr21:43786103..43787104,-	1
chr21:43786567..43787568,.	COSN5136425	1	TFF2	PD4194a	chr21:43770565..43771566,-	1
chr6:42043364..42044365,.	COSN4927815	1	AL512274_9,C6orf132,C6orf132_ENST00000341865	PD4006a	chr6:42109681..42110682,-	1
chr7:151554120..151555121,.	COSN4932186	1	PRKAG2	PD4115a	chr7:151573204..151574205,-	1
chr8:142273113..142274114,.	COSN4938958	1	SLC45A4	PD4109a	chr8:142237864..142238865,-	1
chr9:130788568..130789569,.	COSN4944186	1	NAIF1	PD4109a	chr9:130828879..130829880,-	1
ncv_location	ncv_id	1	target_gene_name	ncv_sample_id	target_promoter_location	1
