chr6:27115601..27116602,.	COSN4927249	36	ABT1,ENSG00000158403,HIST1H1B,HIST1H1E,HIST1H2AB,HIST1H2AC,HIST1H2AD,HIST1H2AE,HIST1H2AI,HIST1H2AJ,HIST1H2AK,HIST1H2AL,HIST1H2AM,HIST1H2BB,HIST1H2BC,HIST1H2BD,HIST1H2BF,HIST1H2BG,HIST1H2BH,HIST1H2BI,HIST1H2BL,HIST1H2BM,HIST1H2BN,HIST1H2BO,HIST1H2BO_ENST00000303806,HIST1H3B,HIST1H3C,HIST1H3D,HIST1H3F,HIST1H3G,HIST1H3H,HIST1H3J,HIST1H4B,HIST1H4D,HIST1H4E,HIST1H4F,HIST1H4H	PD3890a	chr6:26026979..26027980,-,chr6:26031787..26032788,-,chr6:26033295..26034296,-,chr6:26043384..26044385,-,chr6:26045138..26046139,+,chr6:26123631..26124632,-,chr6:26123960..26124961,+,chr6:26156118..26157119,+,chr6:26157897..26158898,+,chr6:26188803..26189804,-,chr6:26196977..26197978,-,chr6:26198970..26199971,-,chr6:26199286..26200287,+,chr6:26204372..26205373,+,chr6:26216370..26217371,-,chr6:26216702..26217703,+,chr6:26240153..26241154,+,chr6:26250332..26251333,-,chr6:26251378..26252379,+,chr6:26271111..26272112,-,chr6:26272267..26273268,-,chr6:26272703..26273704,+,chr6:26285226..26286227,-,chr6:26596710..26597711,+,chr6:27775183..27776184,-,chr6:27775487..27776488,+,chr6:27777351..27778352,+,chr6:27782017..27783018,-,chr6:27782321..27783322,+,chr6:27805616..27806617,-,chr6:27805939..27806940,+,chr6:27832632..27833633,+,chr6:27834806..27835807,-,chr6:27858069..27859070,-,chr6:27860426..27861427,-,chr6:27860740..27861741,+	36
chr6:32939004..32940005,.	COSN4927489	35	B3GALT4,CFB,DAXX,GPSM3,HIST1H1E,HIST1H2BD,HLA-DMB,HLA-DMB_ENST00000446948,HLA-DOB,HSD17B8,HSPA1B,LSM2,PBX2,PFDN6,PFDN6_ENST00000463584,PRRC2A,PSMB8,PSMB8_ENST00000374882,PSMB9,PSMB9_ENST00000395333,PSMB9_ENST00000453265,RGL2,RGL2_ENST00000444031,RING1,RNF5,RNF5_ENST00000427134,RPS10,RPS10_ENST00000326199,RPS18,RXRB,RXRB_ENST00000413614,RXRB_ENST00000544186,SLC39A7,SLC39A7_ENST00000444757,TAP1,TAP2,TAP2_ENST00000374897,TAP2_ENST00000374899,TAP2_ENST00000458336,TAPBP,TAPBP_ENST00000426633,VPS52,WDR46,ZBTB22	PD4198a	chr6:26156118..26157119,+,chr6:26157897..26158898,+,chr6:31590066..31591067,+,chr6:31774033..31775034,-,chr6:31795227..31796228,+,chr6:31913498..31914499,+,chr6:32145788..32146789,+,chr6:32157191..32158192,-,chr6:32159789..32160790,-,chr6:32784227..32785228,-,chr6:32800100..32801101,-,chr6:32805509..32806510,-,chr6:32811272..32812273,-,chr6:32811689..32812690,-,chr6:32821092..32822093,-,chr6:32821506..32822507,+,chr6:32908083..32909084,-,chr6:33167712..33168713,-,chr6:33167752..33168753,-,chr6:33168058..33169059,-,chr6:33168074..33169075,+,chr6:33168522..33169523,+,chr6:33171945..33172946,+,chr6:33176099..33177100,+,chr6:33238951..33239952,-,chr6:33239396..33240397,+,chr6:33244696..33245697,+,chr6:33256446..33257447,-,chr6:33257133..33258134,+,chr6:33264046..33265047,-,chr6:33265886..33266887,-,chr6:33281317..33282318,-,chr6:33284192..33285193,-,chr6:33289201..33290202,-,chr6:34392497..34393498,-	35
chr6:27099319..27100320,.	COSN4927247	34	ABT1,ENSG00000158403,HIST1H1B,HIST1H1D,HIST1H1E,HIST1H2AB,HIST1H2AC,HIST1H2AD,HIST1H2AE,HIST1H2AI,HIST1H2AJ,HIST1H2AM,HIST1H2BC,HIST1H2BD,HIST1H2BF,HIST1H2BG,HIST1H2BH,HIST1H2BI,HIST1H2BL,HIST1H2BM,HIST1H2BO,HIST1H2BO_ENST00000303806,HIST1H3A,HIST1H3B,HIST1H3D,HIST1H3F,HIST1H3G,HIST1H3H,HIST1H3I,HIST1H3J,HIST1H4A,HIST1H4B,HIST1H4D,HIST1H4E,HIST1H4H	PD4103a	chr6:26020217..26021218,+,chr6:26021406..26022407,+,chr6:26026979..26027980,-,chr6:26031787..26032788,-,chr6:26033295..26034296,-,chr6:26123631..26124632,-,chr6:26123960..26124961,+,chr6:26156118..26157119,+,chr6:26157897..26158898,+,chr6:26188803..26189804,-,chr6:26196977..26197978,-,chr6:26198970..26199971,-,chr6:26199286..26200287,+,chr6:26204372..26205373,+,chr6:26216370..26217371,-,chr6:26216702..26217703,+,chr6:26234660..26235661,-,chr6:26250332..26251333,-,chr6:26251378..26252379,+,chr6:26271111..26272112,-,chr6:26272267..26273268,-,chr6:26272703..26273704,+,chr6:26285226..26286227,-,chr6:26596710..26597711,+,chr6:27775183..27776184,-,chr6:27775487..27776488,+,chr6:27777351..27778352,+,chr6:27782017..27783018,-,chr6:27782321..27783322,+,chr6:27834806..27835807,-,chr6:27839592..27840593,-,chr6:27858069..27859070,-,chr6:27860426..27861427,-,chr6:27860740..27861741,+	34
chr17:56736095..56737097,.	COSN522463	30	APPBP2,BCAS3,BCAS3_ENST00000589222,C17orf47,C17orf82,C17orf82_ENST00000335108,CACNG4,CLTC,CLTC_ENST00000269122,FAM33A,GDPD1,GDPD1_ENST00000581140,GDPD1_ENST00000581276,HEATR6,METTL2A_ENST00000311506,MTMR4,POLG2,PPM1D,PPM1E,Q6GMT2_HUMAN,RAD51C,RAD51C_ENST00000337432,RNFT1,RNFT1_ENST00000305783,RPS6KB1,SEPT4,SEPT4_ENST00000393086,SEPT4_ENST00000412945,SEPT4_ENST00000426861,SKA2,SKA2_ENST00000437036,SKA2_ENST00000330137,SMG8,TBX2,TRIM37,TUBD1,USP32	TCGA-B6-A0RS	chr17:56593442..56594443,-,chr17:56604004..56605005,-,chr17:56606034..56607035,-,chr17:56608823..56609824,-,chr17:56617561..56618562,-,chr17:56621046..56622047,-,chr17:56769504..56770505,+,chr17:56832858..56833859,+,chr17:57183321..57184322,-,chr17:57231943..57232944,-,chr17:57231993..57232994,-,chr17:57232023..57233024,-,chr17:57286912..57287913,+,chr17:57297470..57298471,+,chr17:57696992..57697993,+,chr17:57967862..57968863,-,chr17:57970045..57971046,+,chr17:58040089..58041090,-,chr17:58041523..58042524,-,chr17:58155774..58156775,-,chr17:58468799..58469800,-,chr17:58602791..58603792,-,chr17:58677275..58678276,+,chr17:58756318..58757319,+,chr17:59477037..59478038,+,chr17:59488836..59489837,+,chr17:60500763..60501764,+,chr17:62492585..62493586,-,chr17:62969134..62970135,-,chr17:64960527..64961528,+	30
chr6:26055364..26056366,.	COSN408182	30	ABT1,HFE,HFE_ENST00000470149,HIST1H1B,HIST1H1E,HIST1H1T,HIST1H2AC,HIST1H2AD,HIST1H2AH,HIST1H2AI,HIST1H2AK,HIST1H2AL,HIST1H2AM,HIST1H2BC,HIST1H2BD,HIST1H2BE,HIST1H2BF,HIST1H2BK,HIST1H2BK_ENST00000396891,HIST1H2BL,HIST1H2BN,HIST1H2BO,HIST1H2BO_ENST00000303806,HIST1H3D,HIST1H3E,HIST1H3H,HIST1H3I,HIST1H4C,HIST1H4D,HIST1H4H,HIST1H4K,HIST1H4L,TRIM27	TCGA-A2-A0T1	chr6:26087168..26088169,+,chr6:26103675..26104676,+,chr6:26107820..26108821,-,chr6:26123631..26124632,-,chr6:26123960..26124961,+,chr6:26156118..26157119,+,chr6:26157897..26158898,+,chr6:26183523..26184524,+,chr6:26188803..26189804,-,chr6:26196977..26197978,-,chr6:26198970..26199971,-,chr6:26199286..26200287,+,chr6:26224882..26225883,+,chr6:26285226..26286227,-,chr6:26596710..26597711,+,chr6:27114076..27115077,-,chr6:27114407..27115408,+,chr6:27775183..27776184,-,chr6:27775487..27776488,+,chr6:27777351..27778352,+,chr6:27798804..27799805,-,chr6:27805616..27806617,-,chr6:27805939..27806940,+,chr6:27832632..27833633,+,chr6:27834806..27835807,-,chr6:27839592..27840593,-,chr6:27840787..27841788,-,chr6:27860426..27861427,-,chr6:27860740..27861741,+,chr6:28890908..28891909,-	30
chr6:26055464..26056465,.	COSN524004	30	ABT1,HFE,HFE_ENST00000470149,HIST1H1B,HIST1H1E,HIST1H1T,HIST1H2AC,HIST1H2AD,HIST1H2AH,HIST1H2AI,HIST1H2AK,HIST1H2AL,HIST1H2AM,HIST1H2BC,HIST1H2BD,HIST1H2BE,HIST1H2BF,HIST1H2BK,HIST1H2BK_ENST00000396891,HIST1H2BL,HIST1H2BN,HIST1H2BO,HIST1H2BO_ENST00000303806,HIST1H3D,HIST1H3E,HIST1H3H,HIST1H3I,HIST1H4C,HIST1H4D,HIST1H4H,HIST1H4K,HIST1H4L,TRIM27	TCGA-A2-A0CM	chr6:26087168..26088169,+,chr6:26103675..26104676,+,chr6:26107820..26108821,-,chr6:26123631..26124632,-,chr6:26123960..26124961,+,chr6:26156118..26157119,+,chr6:26157897..26158898,+,chr6:26183523..26184524,+,chr6:26188803..26189804,-,chr6:26196977..26197978,-,chr6:26198970..26199971,-,chr6:26199286..26200287,+,chr6:26224882..26225883,+,chr6:26285226..26286227,-,chr6:26596710..26597711,+,chr6:27114076..27115077,-,chr6:27114407..27115408,+,chr6:27775183..27776184,-,chr6:27775487..27776488,+,chr6:27777351..27778352,+,chr6:27798804..27799805,-,chr6:27805616..27806617,-,chr6:27805939..27806940,+,chr6:27832632..27833633,+,chr6:27834806..27835807,-,chr6:27839592..27840593,-,chr6:27840787..27841788,-,chr6:27860426..27861427,-,chr6:27860740..27861741,+,chr6:28890908..28891909,-	30
chr6:26056194..26057195,.	COSN524005	30	ABT1,HFE,HFE_ENST00000470149,HIST1H1B,HIST1H1E,HIST1H1T,HIST1H2AC,HIST1H2AD,HIST1H2AH,HIST1H2AI,HIST1H2AK,HIST1H2AL,HIST1H2AM,HIST1H2BC,HIST1H2BD,HIST1H2BE,HIST1H2BF,HIST1H2BK,HIST1H2BK_ENST00000396891,HIST1H2BL,HIST1H2BN,HIST1H2BO,HIST1H2BO_ENST00000303806,HIST1H3D,HIST1H3E,HIST1H3H,HIST1H3I,HIST1H4C,HIST1H4D,HIST1H4H,HIST1H4K,HIST1H4L,TRIM27	TCGA-A8-A0A4	chr6:26087168..26088169,+,chr6:26103675..26104676,+,chr6:26107820..26108821,-,chr6:26123631..26124632,-,chr6:26123960..26124961,+,chr6:26156118..26157119,+,chr6:26157897..26158898,+,chr6:26183523..26184524,+,chr6:26188803..26189804,-,chr6:26196977..26197978,-,chr6:26198970..26199971,-,chr6:26199286..26200287,+,chr6:26224882..26225883,+,chr6:26285226..26286227,-,chr6:26596710..26597711,+,chr6:27114076..27115077,-,chr6:27114407..27115408,+,chr6:27775183..27776184,-,chr6:27775487..27776488,+,chr6:27777351..27778352,+,chr6:27798804..27799805,-,chr6:27805616..27806617,-,chr6:27805939..27806940,+,chr6:27832632..27833633,+,chr6:27834806..27835807,-,chr6:27839592..27840593,-,chr6:27840787..27841788,-,chr6:27860426..27861427,-,chr6:27860740..27861741,+,chr6:28890908..28891909,-	30
chr6:27102954..27103955,.	COSN4927248	27	ENSG00000158403,HIST1H1E,HIST1H2AB,HIST1H2AC,HIST1H2AD,HIST1H2AE,HIST1H2AI,HIST1H2AJ,HIST1H2AK,HIST1H2BC,HIST1H2BD,HIST1H2BE,HIST1H2BF,HIST1H2BG,HIST1H2BH,HIST1H2BI,HIST1H2BL,HIST1H2BM,HIST1H2BN,HIST1H3B,HIST1H3D,HIST1H3E,HIST1H3F,HIST1H3G,HIST1H3H,HIST1H4D,HIST1H4J	PD4198a	chr6:26031787..26032788,-,chr6:26033295..26034296,-,chr6:26123631..26124632,-,chr6:26123960..26124961,+,chr6:26156118..26157119,+,chr6:26157897..26158898,+,chr6:26183523..26184524,+,chr6:26188803..26189804,-,chr6:26196977..26197978,-,chr6:26198970..26199971,-,chr6:26199286..26200287,+,chr6:26216370..26217371,-,chr6:26216702..26217703,+,chr6:26224882..26225883,+,chr6:26250332..26251333,-,chr6:26251378..26252379,+,chr6:26271111..26272112,-,chr6:26272267..26273268,-,chr6:26272703..26273704,+,chr6:27775183..27776184,-,chr6:27775487..27776488,+,chr6:27777351..27778352,+,chr6:27782017..27783018,-,chr6:27782321..27783322,+,chr6:27791402..27792403,+,chr6:27805616..27806617,-,chr6:27805939..27806940,+	27
chr6:26054085..26055086,.	COSN4927208	25	ABT1,HIST1H1B,HIST1H1D,HIST1H1E,HIST1H1T,HIST1H2AC,HIST1H2AD,HIST1H2AH,HIST1H2AK,HIST1H2AL,HIST1H2BC,HIST1H2BD,HIST1H2BE,HIST1H2BF,HIST1H2BK,HIST1H2BK_ENST00000396891,HIST1H2BN,HIST1H3D,HIST1H3H,HIST1H3I,HIST1H4C,HIST1H4D,HIST1H4H,HIST1H4K,HIST1H4L,TRIM27	PD4005a	chr6:26103675..26104676,+,chr6:26107820..26108821,-,chr6:26123631..26124632,-,chr6:26123960..26124961,+,chr6:26156118..26157119,+,chr6:26157897..26158898,+,chr6:26183523..26184524,+,chr6:26188803..26189804,-,chr6:26196977..26197978,-,chr6:26198970..26199971,-,chr6:26199286..26200287,+,chr6:26234660..26235661,-,chr6:26285226..26286227,-,chr6:26596710..26597711,+,chr6:27114076..27115077,-,chr6:27114407..27115408,+,chr6:27777351..27778352,+,chr6:27798804..27799805,-,chr6:27805616..27806617,-,chr6:27805939..27806940,+,chr6:27832632..27833633,+,chr6:27834806..27835807,-,chr6:27839592..27840593,-,chr6:27840787..27841788,-,chr6:28890908..28891909,-	25
chr6:26215923..26216924,.	COSN4927216	25	ENSG00000158403,HIST1H1B,HIST1H2AG,HIST1H2AH,HIST1H2AI,HIST1H2AJ,HIST1H2AK,HIST1H2AL,HIST1H2AM,HIST1H2BB,HIST1H2BI,HIST1H2BJ,HIST1H2BK,HIST1H2BK_ENST00000396891,HIST1H2BL,HIST1H2BM,HIST1H2BN,HIST1H2BO,HIST1H2BO_ENST00000303806,HIST1H3A,HIST1H3C,HIST1H3H,HIST1H4A,HIST1H4B,HIST1H4I,HIST1H4I_ENST00000354348,HIST1H4J,HIST1H4K	PD4006a	chr6:26020217..26021218,+,chr6:26021406..26022407,+,chr6:26026979..26027980,-,chr6:26043384..26044385,-,chr6:26045138..26046139,+,chr6:26272267..26273268,-,chr6:26272703..26273704,+,chr6:27100028..27101029,-,chr6:27100350..27101351,+,chr6:27106587..27107588,+,chr6:27114076..27115077,-,chr6:27114407..27115408,+,chr6:27775183..27776184,-,chr6:27775487..27776488,+,chr6:27777351..27778352,+,chr6:27782017..27783018,-,chr6:27782321..27783322,+,chr6:27791402..27792403,+,chr6:27798804..27799805,-,chr6:27805616..27806617,-,chr6:27805939..27806940,+,chr6:27832632..27833633,+,chr6:27834806..27835807,-,chr6:27860426..27861427,-,chr6:27860740..27861741,+	25
